POST,/books,localhost:3000
GET,/books?isbn=25647,localhost:3000
POST,/books,localhost:3000
POST,/books,localhost:3000
POST,/books,localhost:3000
POST,/books,localhost:3000
POST,/books,localhost:3000
POST,/books,localhost:3000
POST,/books,localhost:3000
POST,/books,localhost:3000
GET,/books?isbn=25647,localhost:3000
GET,/books?id=9,localhost:3000
GET,/books,localhost:3000
GET,/books,localhost:3000
POST,/books,localhost:3000
POST,/books,localhost:3000
POST,/books,localhost:3000
POST,/books,localhost:3000
POST,/books,localhost:3000
POST,/books,localhost:3000
POST,/books,localhost:3000
POST,/books,localhost:3000
POST,/books,localhost:3000
POST,/books,localhost:3000
POST,/books,localhost:3000
POST,/books,localhost:3000
POST,/books,localhost:3000
POST,/books,localhost:3000
POST,/books,localhost:3000
POST,/books,localhost:3000
POST,/books,localhost:3000
POST,/books,localhost:3000
POST,/books,localhost:3000
POST,/books,localhost:3000
POST,/books,localhost:3000
POST,/books,localhost:3000
POST,/books,localhost:3000
POST,/books,localhost:3000
POST,/books,localhost:3000
POST,/books,localhost:3000
POST,/books,localhost:3000
POST,/books,localhost:3000
POST,/books,localhost:3000
POST,/books,localhost:3000
POST,/books,localhost:3000
GET,/books?isbn=25647,localhost:3000
GET,/books?isbn=25647,localhost:3000
GET,/books,localhost:3000
GET,/books?isbn=25647,localhost:3000
GET,/books?title=%20dragon,localhost:3000
GET,/books?id=9,localhost:3000
GET,/books?title=%20dragon&id=9,localhost:3000
GET,/books?title=%20dragon,localhost:3000
GET,/books,localhost:3000
GET,/books?isbn=25647,localhost:3000
GET,/books?title=%20dragon,localhost:3000
GET,/books?isbn=25647,localhost:3000
POST,/books,localhost:3000
POST,/books,localhost:3000
POST,/books,localhost:3000
POST,/books,localhost:3000
GET,/books?isbn=25647,localhost:3000
GET,/books?title=%20dragon,localhost:3000
GET,/books?title=%20dragon&id=9,localhost:3000
GET,/books?id=9,localhost:3000
POST,/books,localhost:3000
POST,/books,localhost:3000
POST,/books,localhost:3000
POST,/books,localhost:3000
POST,/books,localhost:3000
POST,/books,localhost:3000
POST,/books,localhost:3000
POST,/books,localhost:3000
POST,/books,localhost:3000
DELETE,/books?id=36,localhost:3000
DELETE,/books?id=35,localhost:3000
DELETE,/books?id=34,localhost:3000
DELETE,/books?id=33,localhost:3000
DELETE,/books?id=30,localhost:3000
DELETE,/books?id=32,localhost:3000
GET,/books?title=%20dragon,localhost:3000
POST,/books,localhost:3000
POST,/books,localhost:3000
POST,/books,localhost:3000
POST,/books,localhost:3000
POST,/books,localhost:3000
POST,/books,localhost:3000
POST,/books,localhost:3000
POST,/books,localhost:3000
POST,/books,localhost:3000
GET,/books?isbn=25647,localhost:3000
GET,/books?isbn=25647,localhost:3000
GET,/books?id=9,localhost:3000
GET,/books?id=39,localhost:3000
DELETE,/books?id=39,localhost:3000
POST,/books,localhost:3000
GET,/books?id=39,localhost:3000
GET,/books?title=%20dragon,localhost:3000
GET,/books?title=%20dragon,localhost:3000
POST,/books,localhost:3000
POST,/books,localhost:3000
DELETE,/books?id=39,localhost:3000
DELETE,/books?id=42,localhost:3000
GET,/users?phonenumber=1234567890,localhost:3000
GET,/users,localhost:3000
GET,/books?isbn=25647,localhost:3000
GET,/users,localhost:3000
GET,/users?name=veeresh,localhost:3000
GET,/users?id=4,localhost:3000
GET,/users?id=5,localhost:3000
POST,/users,localhost:3000
POST,/books,localhost:3000
POST,/transaction/create,localhost:3000
POST,/transaction/create,localhost:3000
PATCH,/transaction/return,localhost:3000
PATCH,/transaction/return,localhost:3000
PATCH,/transaction/return,localhost:3000
PATCH,/transaction/return,localhost:3000
PATCH,/transaction/return,localhost:3000
PATCH,/transaction/return?transactionId=5,localhost:3000
PATCH,/transaction/return,localhost:3000
PATCH,/transaction/return,localhost:3000
PATCH,/transaction/return,localhost:3000
PATCH,/transaction/return,localhost:3000
PATCH,/transaction/return,localhost:3000
PATCH,/transaction/return,localhost:3000
PATCH,/transaction/return,localhost:3000
PATCH,/transaction/return,localhost:3000
GET,/users?id=5,localhost:3000
GET,/books?title=%20dragon,localhost:3000
GET,/books,localhost:3000
GET,/books?id=39,localhost:3000
GET,/users?name=veeresh,localhost:3000
DELETE,/books?id=42,localhost:3000
POST,/transaction/create,localhost:3000
GET,/books?isbn=25647,localhost:3000
GET,/books?id=39,localhost:3000
GET,/books?title=%20dragon,localhost:3000
POST,/books,localhost:3000
DELETE,/books?id=45,localhost:3000
DELETE,/users?id=5,localhost:3000
DELETE,/users?id=6,localhost:3000
POST,/users,localhost:3000
POST,/users,localhost:3000
POST,/users,localhost:3000
POST,/users,localhost:3000
POST,/users,localhost:3000
POST,/users,localhost:3000
POST,/users,localhost:3000
POST,/users,localhost:3000
GET,/books?isbn=25647,localhost:3000
GET,/books,localhost:3000
GET,/books?title=%20dragon,localhost:3000
GET,/books?id=39,localhost:3000
DELETE,/books?id=45,localhost:3000
GET,/users?name=veeresh,localhost:3000
GET,/users?id=5,localhost:3000
GET,/users?id=9,localhost:3000
GET,/users?id=8,localhost:3000
GET,/users?id=7,localhost:3000
POST,/transaction/create,localhost:3000
POST,/transaction/create,localhost:3000
PATCH,/transaction/return,localhost:3000
POST,/users,localhost:3000
POST,/users,localhost:3000
POST,/users,localhost:3000
POST,/log/create,localhost:3000
POST,/log/create,localhost:3000
POST,/login,localhost:3000
POST,/login,localhost:3000
POST,/login,localhost:3000
POST,/login,localhost:3000
POST,/login,localhost:3000
POST,/login,localhost:3000
POST,/login,localhost:3000
POST,/login,localhost:3000
POST,/login,localhost:3000
POST,/login,localhost:3000
POST,/login,localhost:3000
POST,/login,localhost:3000
POST,/login,localhost:3000
POST,/login,localhost:3000
POST,/login,localhost:3000
POST,/login,localhost:3000
GET,/logout,localhost:3000
GET,/logout,localhost:3000
GET,/logout,localhost:3000
POST,/login,localhost:3000
GET,/users?id=5,localhost:3000
GET,/users?id=8,localhost:3000
GET,/users?id=8,localhost:3000
GET,/users?id=8,localhost:3000
GET,/users?id=8,localhost:3000
GET,/users?id=8,localhost:3000
GET,/users?id=7&,localhost:3000
GET,/users?id=7,localhost:3000
GET,/users?id=7,localhost:3000
GET,/users?id=7,localhost:3000
POST,/login,localhost:3000
GET,/users?id=7,localhost:3000
GET,/users?id=7,localhost:3000
POST,/login,localhost:3000
GET,/users?id=7,localhost:3000
GET,/users?id=7,localhost:3000
GET,/users?id=7,localhost:3000
GET,/logout,localhost:3000
GET,/books?isbn=25647,localhost:3000
GET,/books?isbn=25647,localhost:3000
GET,/books?isbn=25647,localhost:3000
GET,/logout,localhost:3000
GET,/logout,localhost:3000
GET,/logout,localhost:3000
GET,/logout,localhost:3000
GET,/logout,localhost:3000
GET,/logout,localhost:3000
GET,/logout,localhost:3000
GET,/logout,localhost:3000
GET,/logout,localhost:3000
GET,/logout,localhost:3000
POST,/login,localhost:3000
POST,/logout,localhost:3000
POST,/login,localhost:3000
POST,/logout,localhost:3000
GET,/logout,localhost:3000
GET,/logout,localhost:3000
POST,/login,localhost:3000
GET,/logout,localhost:3000
GET,/logout,localhost:3000
GET,/logout,localhost:3000
GET,/logout,localhost:3000
POST,/log,localhost:3000
GET,/log,localhost:3000
GET,/log,localhost:3000
GET,/logout,localhost:3000
POST,/users,localhost:3000
GET,/users?id=10,localhost:3000
GET,/logout,localhost:3000
GET,/logout,localhost:3000
GET,/logout,localhost:3000
GET,/login,localhost:3000
POST,/login,localhost:3000
GET,/logout,localhost:3000
GET,/logout,localhost:3000
POST,/login,localhost:3000
GET,/logout,localhost:3000
GET,/logout,localhost:3000
POST,/refresh,localhost:3000
POST,/refresh,localhost:3000
POST,/refresh,localhost:3000
POST,/refresh,localhost:3000
POST,/refresh,localhost:3000
POST,/refresh,localhost:3000
GET,/logout,localhost:3000
GET,/logout,localhost:3000
POST,/login,localhost:3000
POST,/refresh,localhost:3000
GET,/logout,localhost:3000
POST,/login,localhost:3000
GET,/users?id=10,localhost:3000
GET,/refresh,localhost:3000
GET,/users?id=10,localhost:3000
POST,/login,localhost:3000
GET,/users?id=10,localhost:3000
POST,/login,localhost:3000
GET,/users?id=10,localhost:3000
GET,/users?id=10,localhost:3000
GET,/logout,localhost:3000
GET,/logout,localhost:3000
POST,/login,localhost:3000
GET,/users?id=10,localhost:3000
GET,/users?id=10,localhost:3000
GET,/refresh,localhost:3000
GET,/users?id=10,localhost:3000
GET,/users?id=10,localhost:3000
GET,/refresh,localhost:3000
GET,/users?id=10,localhost:3000
GET,/logout,localhost:3000
POST,/login,localhost:3000
POST,/logout,localhost:3000
POST,/login,localhost:3000
POST,/login,localhost:3000
POST,/logout,localhost:3000
GET,/logout,localhost:3000
GET,/login,localhost:3000
POST,/login,localhost:3000
GET,/logout,localhost:3000
POST,/login,localhost:3000
GET,/users?id=10,localhost:3000
GET,/users?id=11,localhost:3000
GET,/users?id=12,localhost:3000
GET,/users?id=10,localhost:3000
GET,/users?id=10,localhost:3000
GET,/users?id=10,localhost:3000
GET,/users?id=10,localhost:3000
GET,/users?id=10,localhost:3000
GET,/users?id=10,localhost:3000
GET,/users?id=10,localhost:3000
GET,/users?id=10,localhost:3000
GET,/users?id=10,localhost:3000
GET,/users?id=11,localhost:3000
GET,/users?id=10,localhost:3000
GET,/logout,localhost:3000
GET,/logoutalldevices?uid=8,localhost:3000
GET,/logoutalldevices?uid=8,localhost:3000
GET,/logoutalldevices?uid=8,localhost:3000
GET,/logoutalldevices?uid=8,localhost:3000
GET,/logoutalldevices?uid=8,localhost:3000
GET,/logoutalldevices?uid=9,localhost:3000
GET,/logoutalldevices?uid=1,localhost:3000
POST,/users,localhost:3000
POST,/users,localhost:3000
GET,/users?id=10,localhost:3000
POST,/login,localhost:3000
GET,/users?id=10,localhost:3000
GET,/users?id=11,localhost:3000
GET,/users?id=12,localhost:3000
GET,/users?id=12,localhost:3000
GET,/refresh,localhost:3000
GET,/users?id=12,localhost:3000
GET,/users?id=11,localhost:3000
GET,/users?id=10,localhost:3000
GET,/users?id=19,localhost:3000
GET,/users?id=17,localhost:3000
GET,/books?id=39,localhost:3000
GET,/refresh,localhost:3000
GET,/books?id=39,localhost:3000
GET,/refresh,localhost:3000
GET,/refresh,localhost:3000
GET,/refresh,localhost:3000
GET,/refresh,localhost:3000
POST,/login,localhost:3000
GET,/users?id=17,localhost:3000
GET,/users?id=12,localhost:3000
GET,/users?id=11,localhost:3000
GET,/users?id=10,localhost:3000
GET,/books?title=%20dragon,localhost:3000
GET,/books?title=%20dragon,localhost:3000
GET,/books?title=dragon,localhost:3000
GET,/refresh,localhost:3000
GET,/books?title=dragon,localhost:3000
GET,/refresh,localhost:3000,2024-08-14T10:44:56.471Z,
GET,/books?id=39,localhost:3000,2024-08-14T10:45:11.079Z,
GET,/books/id=39,localhost:3000,2024-08-14T10:48:35.779Z
GET,/refresh,localhost:3000,2024-08-14T10:48:41.679Z
GET,/books/id=39,localhost:3000,2024-08-14T10:49:02.525Z
GET,/books/id?id=39,localhost:3000,2024-08-14T10:49:26.571Z
GET,/refresh,localhost:3000,2024-08-14T10:49:33.879Z
GET,/books/id?id=39,localhost:3000,2024-08-14T10:49:46.096Z
GET,/books/id=39,localhost:3000,2024-08-14T10:49:55.725Z
GET,/books/id/39,localhost:3000,2024-08-14T10:50:30.783Z
GET,/refresh,localhost:3000,2024-08-14T10:50:36.467Z
GET,/books/id/39,localhost:3000,2024-08-14T10:50:49.434Z
GET,/books/id/45,localhost:3000,2024-08-14T10:50:56.262Z
GET,/books/id/44,localhost:3000,2024-08-14T10:51:07.223Z
GET,/refresh,localhost:3000,2024-08-14T10:51:12.717Z
GET,/books/id/44,localhost:3000,2024-08-14T10:51:22.928Z
GET,/books/title/dragon,localhost:3000,2024-08-14T10:51:51.779Z
GET,/refresh,localhost:3000,2024-08-14T10:51:58.210Z
GET,/books/title/dragon,localhost:3000,2024-08-14T10:52:15.207Z
GET,/books/title/?dragon,localhost:3000,2024-08-14T10:53:00.084Z
GET,/refresh,localhost:3000,2024-08-14T10:53:21.858Z
GET,/books/title/?title=dragon,localhost:3000,2024-08-14T10:53:44.667Z
GET,/books/title/dragon,localhost:3000,2024-08-14T10:53:52.753Z
GET,/refresh,localhost:3000,2024-08-14T11:09:06.140Z
GET,/books/title/dragon,localhost:3000,2024-08-14T11:09:17.293Z
GET,/refresh,localhost:3000,2024-08-14T11:13:42.182Z
GET,/books/title/dragon,localhost:3000,2024-08-14T11:13:56.939Z
GET,/books/id/44,localhost:3000,2024-08-14T11:15:03.868Z
GET,/books/id/44,localhost:3000,2024-08-14T11:15:08.809Z
GET,/refresh,localhost:3000,2024-08-14T11:15:13.010Z
GET,/books/id/44,localhost:3000,2024-08-14T11:15:24.763Z
GET,/books/isbn/25647,localhost:3000,2024-08-14T11:17:29.021Z
GET,/books/isbn/25647,localhost:3000,2024-08-14T11:17:39.119Z
GET,/refresh,localhost:3000,2024-08-14T11:17:45.206Z
GET,/books/isbn/25647,localhost:3000,2024-08-14T11:17:56.662Z
GET,/books/,localhost:3000,2024-08-14T11:18:38.935Z
GET,/books/,localhost:3000,2024-08-14T11:18:47.080Z
GET,/refresh,localhost:3000,2024-08-14T11:18:57.005Z
GET,/books/all,localhost:3000,2024-08-14T11:19:08.651Z
GET,/books,localhost:3000,2024-08-14T11:19:17.375Z
GET,/logoutalldevices?uid=10,localhost:3000,2024-08-14T11:19:53.402Z
GET,/logoutalldevices?uid=10,localhost:3000,2024-08-14T11:20:05.018Z
GET,/refresh,localhost:3000,2024-08-14T11:20:11.197Z
GET,/logoutalldevices?uid=10,localhost:3000,2024-08-14T11:20:25.043Z
GET,/users/name=veeresh,localhost:3000,2024-08-14T11:42:57.499Z
GET,/refresh,localhost:3000,2024-08-14T11:43:07.615Z
POST,/login,localhost:3000,2024-08-14T11:43:19.820Z
GET,/users/name=veeresh,localhost:3000,2024-08-14T11:43:38.334Z
GET,/users/name/veeresh,localhost:3000,2024-08-14T11:44:27.860Z
GET,/users/name/name/veeresh,localhost:3000,2024-08-14T11:44:38.537Z
GET,/users/name/veeresh,localhost:3000,2024-08-14T11:44:47.049Z
GET,/users/name/veeresh,localhost:3000,2024-08-14T11:46:17.397Z
POST,/login,localhost:3000,2024-08-14T11:46:21.941Z
GET,/users/name/veeresh,localhost:3000,2024-08-14T11:46:31.731Z
GET,/users/name/veeresh,localhost:3000,2024-08-14T11:55:04.130Z
POST,/login,localhost:3000,2024-08-14T11:55:15.041Z
GET,/users/name/veeresh,localhost:3000,2024-08-14T11:55:27.943Z
GET,/users/name/veeresh,localhost:3000,2024-08-14T11:55:39.997Z
GET,/users/id/10,localhost:3000,2024-08-14T11:55:49.512Z
GET,/refresh,localhost:3000,2024-08-14T11:56:01.005Z
GET,/users/id/10,localhost:3000,2024-08-14T11:56:10.342Z
GET,/refresh,localhost:3000,2024-08-14T12:03:26.808Z
GET,/users/id/10,localhost:3000,2024-08-14T12:03:42.494Z
GET,/refresh,localhost:3000,2024-08-14T12:06:31.885Z
GET,/users/id/10,localhost:3000,2024-08-14T12:06:49.111Z
GET,/books/id/44,localhost:3000,2024-08-14T12:07:01.114Z
GET,/books/id/44,localhost:3000,2024-08-14T12:07:11.402Z
GET,/refresh,localhost:3000,2024-08-14T12:07:17.439Z
GET,/books/id/44,localhost:3000,2024-08-14T12:07:29.138Z
GET,/books/title/dragon,localhost:3000,2024-08-14T12:07:39.655Z
GET,/users/name/veeresh,localhost:3000,2024-08-14T12:07:48.215Z
GET,/blacklist,localhost:3000,2024-08-17T06:17:52.762Z
GET,/refresh,localhost:3000,2024-08-17T06:20:26.397Z
GET,/login,localhost:3000,2024-08-17T06:20:35.143Z
GET,/login,localhost:3000,2024-08-17T06:20:38.673Z
GET,/login,localhost:3000,2024-08-17T06:20:58.111Z
GET,/login,localhost:3000,2024-08-17T06:21:15.727Z
GET,/login,localhost:3000,2024-08-17T06:21:43.839Z
POST,/login,localhost:3000,2024-08-17T06:22:15.946Z
GET,/blacklist,localhost:3000,2024-08-17T06:22:40.594Z
GET,/blacklist?uid=10,localhost:3000,2024-08-17T06:25:42.801Z
GET,/blacklist?uid=10,localhost:3000,2024-08-17T06:38:58.800Z
POST,/login,localhost:3000,2024-08-17T06:39:12.295Z
GET,/blacklist?uid=10,localhost:3000,2024-08-17T06:39:30.635Z
GET,/blacklist?uid=10,localhost:3000,2024-08-17T06:40:48.494Z
GET,/blacklist?uid=10,localhost:3000,2024-08-17T06:42:17.243Z
GET,/blacklist?uid=10,localhost:3000,2024-08-17T06:46:16.946Z
POST,/login,localhost:3000,2024-08-17T06:46:24.187Z
GET,/blacklist?uid=10,localhost:3000,2024-08-17T06:47:14.662Z
POST,/login,localhost:3000,2024-08-17T07:13:39.831Z
POST,/login,localhost:3000,2024-08-17T07:14:58.176Z
POST,/login,localhost:3000,2024-08-17T07:15:00.153Z
POST,/login,localhost:3000,2024-08-17T07:15:01.898Z
POST,/login,localhost:3000,2024-08-17T07:15:38.198Z
POST,/login,localhost:3000,2024-08-17T07:15:50.904Z
POST,/login,localhost:3000,2024-08-17T07:26:07.140Z
GET,/unblacklist?uid=10,localhost:3000,2024-08-17T07:26:57.446Z
POST,/login,localhost:3000,2024-08-17T07:27:09.592Z
GET,/unblacklist?uid=10,localhost:3000,2024-08-17T07:27:40.939Z
POST,/users,localhost:3000,2024-08-17T09:21:47.571Z
POST,/users,localhost:3000,2024-08-17T09:23:36.674Z
POST,/users,localhost:3000,2024-08-17T09:24:09.833Z
POST,/users,localhost:3000,2024-08-17T09:24:30.621Z
POST,/users,localhost:3000,2024-08-17T09:24:36.231Z
POST,/users,localhost:3000,2024-08-17T09:25:36.652Z
POST,/users,localhost:3000,2024-08-17T09:26:05.436Z
POST,/users,localhost:3000,2024-08-17T09:26:44.171Z
POST,/users,localhost:3000,2024-08-17T09:27:16.929Z
POST,/users,localhost:3000,2024-08-17T09:27:55.094Z
POST,/users,localhost:3000,2024-08-17T09:28:01.487Z
POST,/users,localhost:3000,2024-08-17T09:28:05.438Z
POST,/users,localhost:3000,2024-08-17T17:13:40.253Z
POST,/login,localhost:3000,2024-08-17T17:14:11.843Z
POST,/login,localhost:3000,2024-08-17T17:15:10.803Z
POST,/login,localhost:3000,2024-08-17T17:15:16.349Z
POST,/login,localhost:3000,2024-08-17T17:15:39.668Z
DELETE,/books?id=45,localhost:3000,2024-08-17T17:16:04.252Z
DELETE,/books?id=45,localhost:3000,2024-08-17T17:16:47.228Z
OPTIONS,/users,localhost:3000,2024-08-18T16:55:48.315Z
POST,/users,localhost:3000,2024-08-18T16:55:48.335Z
OPTIONS,/users,localhost:3000,2024-08-18T16:59:27.748Z
POST,/users,localhost:3000,2024-08-18T16:59:27.755Z
OPTIONS,/users,localhost:3000,2024-08-18T17:00:05.235Z
POST,/users,localhost:3000,2024-08-18T17:00:05.241Z
OPTIONS,/users,localhost:3000,2024-08-18T17:01:38.664Z
POST,/users,localhost:3000,2024-08-18T17:01:38.668Z
OPTIONS,/users,localhost:3000,2024-08-18T17:02:23.582Z
POST,/users,localhost:3000,2024-08-18T17:02:23.588Z
OPTIONS,/users,localhost:3000,2024-08-18T17:09:19.681Z
POST,/users,localhost:3000,2024-08-18T17:09:19.685Z
OPTIONS,/users,localhost:3000,2024-08-18T17:10:12.480Z
POST,/users,localhost:3000,2024-08-18T17:10:12.484Z
OPTIONS,/users,localhost:3000,2024-08-18T17:13:43.548Z
POST,/users,localhost:3000,2024-08-18T17:13:43.556Z
----
OPTIONS,/users,localhost:3000,2024-08-18T17:21:16.013Z
POST,/users,localhost:3000,2024-08-18T17:21:16.018Z
POST,/login,localhost:3000,2024-08-18T17:33:23.169Z
OPTIONS,/login,localhost:3000,2024-08-18T17:33:36.578Z
POST,/login,localhost:3000,2024-08-18T17:33:36.585Z
OPTIONS,/login,localhost:3000,2024-08-18T17:33:53.181Z
POST,/login,localhost:3000,2024-08-18T17:33:53.185Z
OPTIONS,/login,localhost:3000,2024-08-18T17:34:08.544Z
POST,/login,localhost:3000,2024-08-18T17:34:08.548Z
OPTIONS,/login,localhost:3000,2024-08-18T17:34:42.916Z
POST,/login,localhost:3000,2024-08-18T17:34:42.919Z
OPTIONS,/login,localhost:3000,2024-08-18T18:21:47.389Z
POST,/login,localhost:3000,2024-08-18T18:21:47.395Z
OPTIONS,/login,localhost:3000,2024-08-18T18:32:50.502Z
POST,/login,localhost:3000,2024-08-18T18:32:50.515Z
POST,/login,localhost:3000,2024-08-18T18:32:52.680Z
OPTIONS,/login,localhost:3000,2024-08-18T18:33:03.852Z
POST,/login,localhost:3000,2024-08-18T18:33:03.856Z
OPTIONS,/login,localhost:3000,2024-08-18T18:33:16.777Z
POST,/login,localhost:3000,2024-08-18T18:33:16.783Z
OPTIONS,/login,localhost:3000,2024-08-18T19:01:22.524Z
POST,/login,localhost:3000,2024-08-18T19:01:22.529Z
OPTIONS,/login,localhost:3000,2024-08-18T19:01:56.499Z
POST,/login,localhost:3000,2024-08-18T19:01:56.503Z
OPTIONS,/login,localhost:3000,2024-08-18T19:15:11.044Z
POST,/login,localhost:3000,2024-08-18T19:15:11.051Z
OPTIONS,/login,localhost:3000,2024-08-19T04:01:21.226Z
POST,/login,localhost:3000,2024-08-19T04:01:21.241Z
OPTIONS,/login,localhost:3000,2024-08-19T04:49:11.715Z
POST,/login,localhost:3000,2024-08-19T04:49:11.728Z
OPTIONS,/login,localhost:3000,2024-08-19T04:50:27.736Z
POST,/login,localhost:3000,2024-08-19T04:50:27.739Z
OPTIONS,/users,localhost:3000,2024-08-19T05:07:57.158Z
POST,/users,localhost:3000,2024-08-19T05:07:57.163Z
-------------------19/08/2024-----------------------------

OPTIONS,/login,localhost:3000,2024-08-19T07:34:13.448Z
POST,/login,localhost:3000,2024-08-19T07:34:13.462Z
OPTIONS,/login,localhost:3000,2024-08-19T07:34:39.255Z
POST,/login,localhost:3000,2024-08-19T07:34:39.259Z
OPTIONS,/login,localhost:3000,2024-08-19T07:38:47.432Z
POST,/login,localhost:3000,2024-08-19T07:38:47.441Z
OPTIONS,/login,localhost:3000,2024-08-19T07:40:13.223Z
POST,/login,localhost:3000,2024-08-19T07:40:13.227Z
POST,/login,localhost:3000,2024-08-19T07:41:51.468Z
OPTIONS,/login,localhost:3000,2024-08-19T07:48:17.956Z
POST,/login,localhost:3000,2024-08-19T07:48:17.960Z
OPTIONS,/login,localhost:3000,2024-08-19T09:07:58.800Z
POST,/login,localhost:3000,2024-08-19T09:07:58.835Z
POST,/login,localhost:3000,2024-08-19T09:08:48.969Z
OPTIONS,/login,localhost:3000,2024-08-19T09:12:15.829Z
POST,/login,localhost:3000,2024-08-19T09:12:15.833Z
GET,/logout,localhost:3000,2024-08-19T09:13:26.147Z
POST,/login,localhost:3000,2024-08-19T09:13:42.031Z
GET,/logout,localhost:3000,2024-08-19T09:14:09.042Z
OPTIONS,/login,localhost:3000,2024-08-19T09:21:46.179Z
POST,/login,localhost:3000,2024-08-19T09:21:46.184Z
OPTIONS,/login,localhost:3000,2024-08-19T09:27:54.321Z
POST,/login,localhost:3000,2024-08-19T09:27:54.325Z
OPTIONS,/login,localhost:3000,2024-08-19T09:28:53.625Z
POST,/login,localhost:3000,2024-08-19T09:28:53.634Z
OPTIONS,/login,localhost:3000,2024-08-19T09:29:07.830Z
POST,/login,localhost:3000,2024-08-19T09:29:07.834Z
OPTIONS,/login,localhost:3000,2024-08-19T09:30:03.632Z
POST,/login,localhost:3000,2024-08-19T09:30:03.648Z
OPTIONS,/login,localhost:3000,2024-08-19T11:20:11.427Z
POST,/login,localhost:3000,2024-08-19T11:20:11.437Z
OPTIONS,/login,localhost:3000,2024-08-19T11:26:09.978Z
OPTIONS,/login,localhost:3000,2024-08-19T11:27:05.651Z
POST,/login,localhost:3000,2024-08-19T11:27:05.660Z
OPTIONS,/login,localhost:3000,2024-08-19T11:29:29.404Z
POST,/login,localhost:3000,2024-08-19T11:29:29.410Z
GET,/books/id/44,localhost:3000,2024-08-19T11:30:32.960Z
GET,/favicon.ico,localhost:3000,2024-08-19T11:30:33.050Z
OPTIONS,/login,localhost:3000,2024-08-19T11:30:57.732Z
POST,/login,localhost:3000,2024-08-19T11:30:57.737Z
OPTIONS,/login,localhost:3000,2024-08-19T11:39:19.833Z
POST,/login,localhost:3000,2024-08-19T11:39:19.871Z
OPTIONS,/login,localhost:3000,2024-08-19T11:41:20.110Z
POST,/login,localhost:3000,2024-08-19T11:41:20.117Z
OPTIONS,/login,localhost:3000,2024-08-19T11:48:58.500Z
POST,/login,localhost:3000,2024-08-19T11:48:58.505Z
OPTIONS,/login,localhost:3000,2024-08-19T11:49:20.331Z
POST,/login,localhost:3000,2024-08-19T11:49:20.336Z
OPTIONS,/login,localhost:3000,2024-08-19T11:51:51.728Z
POST,/login,localhost:3000,2024-08-19T11:51:51.735Z
OPTIONS,/login,localhost:3000,2024-08-19T11:53:15.534Z
POST,/login,localhost:3000,2024-08-19T11:53:15.544Z
OPTIONS,/login,localhost:3000,2024-08-19T11:53:40.714Z
POST,/login,localhost:3000,2024-08-19T11:53:40.722Z
OPTIONS,/login,localhost:3000,2024-08-19T11:55:55.685Z
POST,/login,localhost:3000,2024-08-19T11:55:55.692Z
OPTIONS,/login,localhost:3000,2024-08-19T11:56:54.157Z
POST,/login,localhost:3000,2024-08-19T11:56:54.169Z
OPTIONS,/login,localhost:3000,2024-08-19T11:58:11.775Z
POST,/login,localhost:3000,2024-08-19T11:58:11.784Z
OPTIONS,/login,localhost:3000,2024-08-19T11:58:38.391Z
POST,/login,localhost:3000,2024-08-19T11:58:38.396Z
OPTIONS,/login,localhost:3000,2024-08-19T11:59:35.610Z
POST,/login,localhost:3000,2024-08-19T11:59:35.615Z
OPTIONS,/login,localhost:3000,2024-08-19T12:00:09.129Z
POST,/login,localhost:3000,2024-08-19T12:00:09.137Z
OPTIONS,/login,localhost:3000,2024-08-19T12:06:44.408Z
POST,/login,localhost:3000,2024-08-19T12:06:44.415Z
OPTIONS,/login,localhost:3000,2024-08-19T12:07:13.936Z
POST,/login,localhost:3000,2024-08-19T12:07:13.941Z
OPTIONS,/login,localhost:3000,2024-08-19T12:40:55.166Z
POST,/login,localhost:3000,2024-08-19T12:40:55.175Z
OPTIONS,/login,localhost:3000,2024-08-19T12:45:56.350Z
POST,/login,localhost:3000,2024-08-19T12:45:56.359Z
OPTIONS,/login,localhost:3000,2024-08-19T12:47:07.170Z
POST,/login,localhost:3000,2024-08-19T12:47:07.191Z
OPTIONS,/login,localhost:3000,2024-08-19T15:20:28.401Z
POST,/login,localhost:3000,2024-08-19T15:20:28.417Z
OPTIONS,/books/id/44,localhost:3000,2024-08-19T15:29:03.204Z
GET,/books/id/44,localhost:3000,2024-08-19T15:29:03.221Z
OPTIONS,/login,localhost:3000,2024-08-19T15:29:23.421Z
POST,/login,localhost:3000,2024-08-19T15:29:23.427Z
OPTIONS,/books/id/44,localhost:3000,2024-08-19T15:29:27.403Z
GET,/books/id/44,localhost:3000,2024-08-19T15:29:27.414Z
OPTIONS,/books/id/44,localhost:3000,2024-08-19T15:30:56.117Z
GET,/books/id/44,localhost:3000,2024-08-19T15:30:56.133Z
OPTIONS,/books/id/44,localhost:3000,2024-08-19T15:31:48.829Z
GET,/books/id/44,localhost:3000,2024-08-19T15:31:48.845Z
GET,/books/id/44,localhost:3000,2024-08-19T15:31:52.921Z
OPTIONS,/books/id/44,localhost:3000,2024-08-19T15:31:56.042Z
GET,/books/id/44,localhost:3000,2024-08-19T15:31:56.052Z
OPTIONS,/books/id/44,localhost:3000,2024-08-19T15:32:09.362Z
GET,/books/id/44,localhost:3000,2024-08-19T15:32:09.369Z
OPTIONS,/books/id/44,localhost:3000,2024-08-19T15:32:14.418Z
GET,/books/id/44,localhost:3000,2024-08-19T15:32:14.423Z
OPTIONS,/books/id/44,localhost:3000,2024-08-19T15:32:25.564Z
GET,/books/id/44,localhost:3000,2024-08-19T15:32:25.567Z
OPTIONS,/users/id/15,localhost:3000,2024-08-19T15:41:56.992Z
GET,/users/id/15,localhost:3000,2024-08-19T15:41:56.996Z
OPTIONS,/users/id/15,localhost:3000,2024-08-19T15:43:19.532Z
GET,/users/id/15,localhost:3000,2024-08-19T15:43:19.536Z
OPTIONS,/books/id/15,localhost:3000,2024-08-19T15:43:56.543Z
GET,/books/id/15,localhost:3000,2024-08-19T15:43:56.548Z
OPTIONS,/books/id/44,localhost:3000,2024-08-19T15:44:15.035Z
GET,/books/id/44,localhost:3000,2024-08-19T15:44:15.039Z
OPTIONS,/login,localhost:3000,2024-08-19T15:44:34.612Z
POST,/login,localhost:3000,2024-08-19T15:44:34.638Z
OPTIONS,/books/id/44,localhost:3000,2024-08-19T15:44:39.846Z
GET,/books/id/44,localhost:3000,2024-08-19T15:44:39.850Z
OPTIONS,/users/id/15,localhost:3000,2024-08-19T15:45:23.086Z
GET,/users/id/15,localhost:3000,2024-08-19T15:45:23.094Z
OPTIONS,/users/15,localhost:3000,2024-08-19T15:46:01.596Z
GET,/users/15,localhost:3000,2024-08-19T15:46:01.615Z
OPTIONS,/users/id/15,localhost:3000,2024-08-19T15:46:24.496Z
GET,/users/id/15,localhost:3000,2024-08-19T15:46:24.500Z
GET,/users/id/10,localhost:3000,2024-08-19T15:47:03.671Z
POST,/login,localhost:3000,2024-08-19T15:47:23.498Z
GET,/users/id/10,localhost:3000,2024-08-19T15:47:40.905Z
GET,/users/name/veeresh,localhost:3000,2024-08-19T15:47:48.957Z
GET,/users/name/veeresh,localhost:3000,2024-08-19T15:47:55.123Z
GET,/users?id=8,localhost:3000,2024-08-19T15:48:06.602Z
GET,/users?id=8,localhost:3000,2024-08-19T15:48:19.718Z
GET,/users/id=8,localhost:3000,2024-08-19T15:48:33.950Z
OPTIONS,/users/id/15,localhost:3000,2024-08-19T15:50:07.645Z
GET,/users/id/15,localhost:3000,2024-08-19T15:50:07.649Z
OPTIONS,/users/id/15,localhost:3000,2024-08-19T15:55:26.349Z
GET,/users/id/15,localhost:3000,2024-08-19T15:55:26.359Z
OPTIONS,/login,localhost:3000,2024-08-19T15:55:44.474Z
POST,/login,localhost:3000,2024-08-19T15:55:44.492Z
OPTIONS,/users/id/15,localhost:3000,2024-08-19T15:55:48.118Z
GET,/users/id/15,localhost:3000,2024-08-19T15:55:48.122Z
OPTIONS,/users/id/15,localhost:3000,2024-08-19T15:58:38.931Z
GET,/users/id/15,localhost:3000,2024-08-19T15:58:38.963Z
GET,/users/id=8,localhost:3000,2024-08-19T16:00:04.872Z
POST,/login,localhost:3000,2024-08-19T16:00:11.533Z
GET,/users/id/10,localhost:3000,2024-08-19T16:00:23.821Z
GET,/users/id/10,localhost:3000,2024-08-19T16:01:49.479Z
GET,/users/id/10,localhost:3000,2024-08-19T16:02:13.922Z
GET,/users/id/15,localhost:3000,2024-08-19T16:03:37.801Z
GET,/users/id/15,localhost:3000,2024-08-19T16:04:16.228Z
GET,/users/id/15,localhost:3000,2024-08-19T16:04:49.144Z
GET,/users/id/15,localhost:3000,2024-08-19T16:05:59.175Z
GET,/users/id/15,localhost:3000,2024-08-19T16:06:28.163Z
GET,/books/isbn/25647,localhost:3000,2024-08-19T16:08:23.470Z
GET,/books/isbn/25647,localhost:3000,2024-08-19T16:37:42.542Z
GET,/users/id/15,localhost:3000,2024-08-19T16:37:50.667Z
GET,/users/id=8,localhost:3000,2024-08-19T16:39:39.502Z
GET,/users/id=8,localhost:3000,2024-08-19T16:39:45.021Z
GET,/users/8,localhost:3000,2024-08-19T16:39:56.998Z
GET,/users/id/8,localhost:3000,2024-08-19T16:40:05.379Z
GET,/users/id/id/8,localhost:3000,2024-08-19T16:40:23.462Z
GET,/users/id//8,localhost:3000,2024-08-19T16:40:33.752Z
GET,/users/id/8,localhost:3000,2024-08-19T16:40:36.780Z
GET,/users/id/8,localhost:3000,2024-08-19T16:42:40.236Z
GET,/books/title/dragon,localhost:3000,2024-08-19T16:44:01.083Z
GET,/books/title/dragon,localhost:3000,2024-08-19T16:44:12.290Z
GET,/users/id/15,localhost:3000,2024-08-19T16:47:55.327Z
GET,/users/id/15,localhost:3000,2024-08-19T16:48:10.471Z
OPTIONS,/users/id/15,localhost:3000,2024-08-19T16:50:37.039Z
GET,/users/id/15,localhost:3000,2024-08-19T16:50:37.045Z
OPTIONS,/login,localhost:3000,2024-08-19T16:50:54.722Z
POST,/login,localhost:3000,2024-08-19T16:50:54.729Z
OPTIONS,/users/id/15,localhost:3000,2024-08-19T16:50:58.578Z
GET,/users/id/15,localhost:3000,2024-08-19T16:50:58.581Z
OPTIONS,/users/id/15,localhost:3000,2024-08-19T16:54:36.245Z
GET,/users/id/15,localhost:3000,2024-08-19T16:54:36.251Z
OPTIONS,/users/id/15,localhost:3000,2024-08-19T17:02:52.147Z
GET,/users/id/15,localhost:3000,2024-08-19T17:02:52.153Z
OPTIONS,/users/id/undefined,localhost:3000,2024-08-19T17:06:29.678Z
GET,/users/id/undefined,localhost:3000,2024-08-19T17:06:29.681Z
OPTIONS,/users/id/undefined,localhost:3000,2024-08-19T17:06:48.683Z
GET,/users/id/undefined,localhost:3000,2024-08-19T17:06:48.688Z
GET,/users/id/undefined,localhost:3000,2024-08-19T17:06:51.684Z
GET,/users/id/undefined,localhost:3000,2024-08-19T17:06:53.667Z
OPTIONS,/users/id/undefined,localhost:3000,2024-08-19T17:06:54.665Z
GET,/users/id/undefined,localhost:3000,2024-08-19T17:06:54.668Z
OPTIONS,/users/id/undefined,localhost:3000,2024-08-19T17:07:45.836Z
OPTIONS,/users/id/undefined,localhost:3000,2024-08-19T17:07:45.838Z
GET,/users/id/undefined,localhost:3000,2024-08-19T17:07:45.843Z
GET,/users/id/undefined,localhost:3000,2024-08-19T17:07:45.847Z
OPTIONS,/users/id/undefined,localhost:3000,2024-08-19T17:09:10.398Z
GET,/users/id/undefined,localhost:3000,2024-08-19T17:09:10.402Z
OPTIONS,/users/id/undefined,localhost:3000,2024-08-19T17:09:10.405Z
GET,/users/id/undefined,localhost:3000,2024-08-19T17:09:10.412Z
OPTIONS,/users/id/undefined,localhost:3000,2024-08-19T17:09:59.543Z
GET,/users/id/undefined,localhost:3000,2024-08-19T17:09:59.546Z
OPTIONS,/users/id/undefined,localhost:3000,2024-08-19T17:09:59.549Z
GET,/users/id/undefined,localhost:3000,2024-08-19T17:09:59.554Z
OPTIONS,/users/id/undefined,localhost:3000,2024-08-19T17:12:22.456Z
OPTIONS,/users/id/undefined,localhost:3000,2024-08-19T17:12:22.459Z
GET,/users/id/undefined,localhost:3000,2024-08-19T17:12:22.461Z
GET,/users/id/undefined,localhost:3000,2024-08-19T17:12:22.465Z
OPTIONS,/users/id/undefined,localhost:3000,2024-08-19T17:14:09.142Z
OPTIONS,/users/id/undefined,localhost:3000,2024-08-19T17:14:09.145Z
GET,/users/id/undefined,localhost:3000,2024-08-19T17:14:09.149Z
GET,/users/id/undefined,localhost:3000,2024-08-19T17:14:09.166Z
OPTIONS,/users/id/15,localhost:3000,2024-08-19T17:15:09.657Z
OPTIONS,/users/id/15,localhost:3000,2024-08-19T17:15:09.659Z
GET,/users/id/15,localhost:3000,2024-08-19T17:15:09.660Z
GET,/users/id/15,localhost:3000,2024-08-19T17:15:09.664Z
GET,/users/id/15,localhost:3000,2024-08-19T17:15:12.683Z
OPTIONS,/users/id/15,localhost:3000,2024-08-19T17:15:29.251Z
OPTIONS,/users/id/15,localhost:3000,2024-08-19T17:15:29.259Z
GET,/users/id/15,localhost:3000,2024-08-19T17:15:29.261Z
GET,/users/id/15,localhost:3000,2024-08-19T17:15:29.267Z
OPTIONS,/login,localhost:3000,2024-08-19T17:15:46.368Z
POST,/login,localhost:3000,2024-08-19T17:15:46.372Z
OPTIONS,/users/id/15,localhost:3000,2024-08-19T17:15:53.629Z
GET,/users/id/15,localhost:3000,2024-08-19T17:15:53.636Z
OPTIONS,/users/id/15,localhost:3000,2024-08-19T17:15:53.649Z
GET,/users/id/15,localhost:3000,2024-08-19T17:15:53.660Z
OPTIONS,/users/id/15,localhost:3000,2024-08-19T17:24:26.684Z
GET,/users/id/15,localhost:3000,2024-08-19T17:24:26.689Z
OPTIONS,/users/id/15,localhost:3000,2024-08-19T17:24:26.699Z
GET,/users/id/15,localhost:3000,2024-08-19T17:24:26.711Z
OPTIONS,/users/id/15,localhost:3000,2024-08-19T17:24:48.691Z
GET,/users/id/15,localhost:3000,2024-08-19T17:24:48.697Z
GET,/users/id/15,localhost:3000,2024-08-19T17:24:51.683Z
OPTIONS,/users/id/15,localhost:3000,2024-08-19T17:24:56.668Z
GET,/users/id/15,localhost:3000,2024-08-19T17:24:56.671Z
GET,/users/id/15,localhost:3000,2024-08-19T17:24:57.668Z
OPTIONS,/users/id/15,localhost:3000,2024-08-19T17:25:02.672Z
GET,/users/id/15,localhost:3000,2024-08-19T17:25:02.675Z
OPTIONS,/users/id/15,localhost:3000,2024-08-19T17:26:27.671Z
GET,/users/id/15,localhost:3000,2024-08-19T17:26:27.673Z
OPTIONS,/users/id/15,localhost:3000,2024-08-19T17:27:35.441Z
OPTIONS,/users/id/15,localhost:3000,2024-08-19T17:27:35.445Z
GET,/users/id/15,localhost:3000,2024-08-19T17:27:35.447Z
GET,/users/id/15,localhost:3000,2024-08-19T17:27:35.460Z
OPTIONS,/users/id/15,localhost:3000,2024-08-19T17:27:58.994Z
GET,/users/id/15,localhost:3000,2024-08-19T17:27:59.003Z
OPTIONS,/users/id/15,localhost:3000,2024-08-19T17:27:59.005Z
GET,/users/id/15,localhost:3000,2024-08-19T17:27:59.013Z
GET,/users/id/15,localhost:3000,2024-08-19T17:28:03.366Z
GET,/users/id/15,localhost:3000,2024-08-19T17:28:03.370Z
OPTIONS,/login,localhost:3000,2024-08-19T17:28:24.465Z
POST,/login,localhost:3000,2024-08-19T17:28:24.470Z
OPTIONS,/users/id/15,localhost:3000,2024-08-19T17:28:28.142Z
OPTIONS,/users/id/15,localhost:3000,2024-08-19T17:28:28.145Z
GET,/users/id/15,localhost:3000,2024-08-19T17:28:28.148Z
GET,/users/id/15,localhost:3000,2024-08-19T17:28:28.160Z
OPTIONS,/users/id/15,localhost:3000,2024-08-19T17:29:22.705Z
GET,/users/id/15,localhost:3000,2024-08-19T17:29:22.710Z
OPTIONS,/users/id/15,localhost:3000,2024-08-19T17:30:34.691Z
GET,/users/id/15,localhost:3000,2024-08-19T17:30:34.697Z
OPTIONS,/users/id/15,localhost:3000,2024-08-19T17:30:41.685Z
GET,/users/id/15,localhost:3000,2024-08-19T17:30:41.688Z
GET,/users/id/15,localhost:3000,2024-08-19T17:30:45.664Z
OPTIONS,/users/id/15,localhost:3000,2024-08-19T17:31:07.666Z
GET,/users/id/15,localhost:3000,2024-08-19T17:31:07.669Z
GET,/users/id/15,localhost:3000,2024-08-19T17:31:10.681Z
OPTIONS,/users/id/15,localhost:3000,2024-08-19T17:31:19.606Z
OPTIONS,/users/id/15,localhost:3000,2024-08-19T17:31:19.610Z
GET,/users/id/15,localhost:3000,2024-08-19T17:31:19.616Z
GET,/users/id/15,localhost:3000,2024-08-19T17:31:19.622Z
OPTIONS,/login,localhost:3000,2024-08-19T17:31:34.954Z
POST,/login,localhost:3000,2024-08-19T17:31:34.958Z
OPTIONS,/users/id/15,localhost:3000,2024-08-19T17:31:36.609Z
OPTIONS,/users/id/15,localhost:3000,2024-08-19T17:31:36.612Z
GET,/users/id/15,localhost:3000,2024-08-19T17:31:36.617Z
GET,/users/id/15,localhost:3000,2024-08-19T17:31:36.627Z
OPTIONS,/users/id/15,localhost:3000,2024-08-19T18:00:29.727Z
OPTIONS,/users/id/15,localhost:3000,2024-08-19T18:00:29.729Z
GET,/users/id/15,localhost:3000,2024-08-19T18:00:29.739Z
GET,/users/id/15,localhost:3000,2024-08-19T18:00:29.756Z
OPTIONS,/login,localhost:3000,2024-08-19T18:01:01.413Z
POST,/login,localhost:3000,2024-08-19T18:01:01.418Z
OPTIONS,/users/id/15,localhost:3000,2024-08-19T18:01:06.221Z
OPTIONS,/users/id/15,localhost:3000,2024-08-19T18:01:06.226Z
GET,/users/id/15,localhost:3000,2024-08-19T18:01:06.232Z
GET,/users/id/15,localhost:3000,2024-08-19T18:01:06.244Z
OPTIONS,/users/id/15,localhost:3000,2024-08-19T18:02:58.088Z
OPTIONS,/users/id/15,localhost:3000,2024-08-19T18:02:58.092Z
GET,/users/id/15,localhost:3000,2024-08-19T18:02:58.094Z
GET,/users/id/15,localhost:3000,2024-08-19T18:02:58.102Z
OPTIONS,/login,localhost:3000,2024-08-19T18:08:34.966Z
POST,/login,localhost:3000,2024-08-19T18:08:34.970Z
GET,/users/id/15,localhost:3000,2024-08-19T18:09:15.925Z
POST,/login,localhost:3000,2024-08-19T18:09:28.937Z
GET,/users/id/8,localhost:3000,2024-08-19T18:09:43.243Z
OPTIONS,/login,localhost:3000,2024-08-19T18:10:24.999Z
POST,/login,localhost:3000,2024-08-19T18:10:25.011Z
OPTIONS,/users/id/15,localhost:3000,2024-08-19T18:10:29.687Z
OPTIONS,/users/id/15,localhost:3000,2024-08-19T18:10:29.691Z
GET,/users/id/15,localhost:3000,2024-08-19T18:10:29.693Z
GET,/users/id/15,localhost:3000,2024-08-19T18:10:29.705Z
OPTIONS,/login,localhost:3000,2024-08-19T18:14:38.951Z
POST,/login,localhost:3000,2024-08-19T18:14:38.955Z
OPTIONS,/users/id/15,localhost:3000,2024-08-19T18:14:41.225Z
OPTIONS,/users/id/15,localhost:3000,2024-08-19T18:14:41.228Z
GET,/users/id/15,localhost:3000,2024-08-19T18:14:41.230Z
GET,/users/id/15,localhost:3000,2024-08-19T18:14:41.239Z
OPTIONS,/login,localhost:3000,2024-08-19T18:16:47.005Z
POST,/login,localhost:3000,2024-08-19T18:16:47.009Z
OPTIONS,/logout,localhost:3000,2024-08-19T18:16:49.317Z
GET,/logout,localhost:3000,2024-08-19T18:16:49.320Z
OPTIONS,/login,localhost:3000,2024-08-19T18:18:27.693Z
POST,/login,localhost:3000,2024-08-19T18:18:27.698Z
OPTIONS,/logout,localhost:3000,2024-08-19T18:18:30.504Z
GET,/logout,localhost:3000,2024-08-19T18:18:30.507Z
OPTIONS,/login,localhost:3000,2024-08-19T18:19:35.358Z
POST,/login,localhost:3000,2024-08-19T18:19:35.362Z
OPTIONS,/users/id/15,localhost:3000,2024-08-19T18:19:38.452Z
GET,/users/id/15,localhost:3000,2024-08-19T18:19:38.455Z
OPTIONS,/logout,localhost:3000,2024-08-19T18:19:51.666Z
GET,/logout,localhost:3000,2024-08-19T18:19:51.671Z
GET,/logout,localhost:3000,2024-08-19T18:20:33.166Z
POST,/login,localhost:3000,2024-08-19T18:20:49.752Z
GET,/logout,localhost:3000,2024-08-19T18:21:19.154Z
POST,/login,localhost:3000,2024-08-19T18:22:09.680Z
GET,/logout,localhost:3000,2024-08-19T18:22:22.097Z
OPTIONS,/login,localhost:3000,2024-08-19T18:24:07.998Z
POST,/login,localhost:3000,2024-08-19T18:24:08.013Z
OPTIONS,/logout,localhost:3000,2024-08-19T18:24:31.822Z
GET,/logout,localhost:3000,2024-08-19T18:24:31.827Z
OPTIONS,/login,localhost:3000,2024-08-19T18:27:45.586Z
POST,/login,localhost:3000,2024-08-19T18:27:45.590Z
OPTIONS,/logout,localhost:3000,2024-08-19T18:27:48.624Z
GET,/logout,localhost:3000,2024-08-19T18:27:48.632Z
POST,/refresh,localhost:3000,2024-08-19T18:27:48.667Z
OPTIONS,/login,localhost:3000,2024-08-19T18:32:32.249Z
POST,/login,localhost:3000,2024-08-19T18:32:32.260Z
OPTIONS,/logout,localhost:3000,2024-08-19T18:32:37.547Z
GET,/logout,localhost:3000,2024-08-19T18:32:37.552Z
GET,/refresh,localhost:3000,2024-08-19T18:32:37.578Z
GET,/logout,localhost:3000,2024-08-19T18:32:37.589Z
OPTIONS,/users/id/15,localhost:3000,2024-08-19T18:33:44.790Z
GET,/users/id/15,localhost:3000,2024-08-19T18:33:44.794Z
OPTIONS,/login,localhost:3000,2024-08-19T18:34:07.264Z
POST,/login,localhost:3000,2024-08-19T18:34:07.270Z
OPTIONS,/logout,localhost:3000,2024-08-19T18:34:10.559Z
GET,/logout,localhost:3000,2024-08-19T18:34:10.562Z
GET,/refresh,localhost:3000,2024-08-19T18:34:10.580Z
GET,/logout,localhost:3000,2024-08-19T18:34:10.593Z
OPTIONS,/login,localhost:3000,2024-08-19T18:37:04.635Z
POST,/login,localhost:3000,2024-08-19T18:37:04.648Z
OPTIONS,/users/id/15,localhost:3000,2024-08-19T18:37:12.768Z
GET,/users/id/15,localhost:3000,2024-08-19T18:37:12.773Z
OPTIONS,/users/id/15,localhost:3000,2024-08-19T18:37:26.343Z
GET,/users/id/15,localhost:3000,2024-08-19T18:37:26.346Z
OPTIONS,/users/id/15,localhost:3000,2024-08-19T18:38:02.026Z
GET,/users/id/15,localhost:3000,2024-08-19T18:38:02.031Z
OPTIONS,/users/id/15,localhost:3000,2024-08-19T18:39:30.550Z
GET,/users/id/15,localhost:3000,2024-08-19T18:39:30.555Z
OPTIONS,/login,localhost:3000,2024-08-19T18:40:28.424Z
POST,/login,localhost:3000,2024-08-19T18:40:28.429Z
OPTIONS,/users/id/15,localhost:3000,2024-08-19T18:40:30.836Z
GET,/users/id/15,localhost:3000,2024-08-19T18:40:30.839Z
GET,/users/id/15,localhost:3000,2024-08-19T18:40:34.367Z
OPTIONS,/users/id/15,localhost:3000,2024-08-19T18:40:37.707Z
GET,/users/id/15,localhost:3000,2024-08-19T18:40:37.710Z
GET,/users/id/15,localhost:3000,2024-08-19T18:40:40.684Z
OPTIONS,/users/id/15,localhost:3000,2024-08-19T18:40:44.046Z
GET,/users/id/15,localhost:3000,2024-08-19T18:40:44.049Z
GET,/users/id/15,localhost:3000,2024-08-19T18:40:47.163Z
OPTIONS,/users/id/15,localhost:3000,2024-08-19T18:40:51.301Z
GET,/users/id/15,localhost:3000,2024-08-19T18:40:51.304Z
GET,/users/id/15,localhost:3000,2024-08-19T18:40:54.375Z
OPTIONS,/users/id/15,localhost:3000,2024-08-19T18:40:57.295Z
GET,/users/id/15,localhost:3000,2024-08-19T18:40:57.299Z
GET,/users/id/15,localhost:3000,2024-08-19T18:41:00.209Z
OPTIONS,/users/id/15,localhost:3000,2024-08-19T18:41:30.663Z
GET,/users/id/15,localhost:3000,2024-08-19T18:41:30.666Z
GET,/refresh,localhost:3000,2024-08-19T18:41:30.676Z
GET,/users/id/15,localhost:3000,2024-08-19T18:41:30.687Z
OPTIONS,/users/id/15,localhost:3000,2024-08-19T18:41:39.063Z
GET,/users/id/15,localhost:3000,2024-08-19T18:41:39.066Z
OPTIONS,/users/id/15,localhost:3000,2024-08-19T18:42:17.937Z
GET,/users/id/15,localhost:3000,2024-08-19T18:42:17.940Z
GET,/refresh,localhost:3000,2024-08-19T18:42:17.955Z
GET,/users/id/15,localhost:3000,2024-08-19T18:42:17.967Z
OPTIONS,/logout,localhost:3000,2024-08-19T19:03:11.402Z
GET,/logout,localhost:3000,2024-08-19T19:03:11.405Z
GET,/refresh,localhost:3000,2024-08-19T19:03:11.429Z
GET,/logout,localhost:3000,2024-08-19T19:03:11.440Z
OPTIONS,/login,localhost:3000,2024-08-19T19:04:16.752Z
POST,/login,localhost:3000,2024-08-19T19:04:16.758Z
OPTIONS,/users/id/15,localhost:3000,2024-08-19T19:04:21.174Z
GET,/users/id/15,localhost:3000,2024-08-19T19:04:21.181Z
OPTIONS,/users/id/15,localhost:3000,2024-08-19T19:10:30.680Z
GET,/users/id/15,localhost:3000,2024-08-19T19:10:30.689Z
GET,/refresh,localhost:3000,2024-08-19T19:10:30.695Z
GET,/users/id/15,localhost:3000,2024-08-19T19:10:30.707Z
OPTIONS,/users/id/15,localhost:3000,2024-08-19T19:10:36.655Z
GET,/users/id/15,localhost:3000,2024-08-19T19:10:36.659Z
GET,/refresh,localhost:3000,2024-08-19T19:10:36.665Z
GET,/users/id/15,localhost:3000,2024-08-19T19:10:36.675Z
OPTIONS,/users/id/15,localhost:3000,2024-08-19T19:10:42.658Z
GET,/users/id/15,localhost:3000,2024-08-19T19:10:42.663Z
GET,/refresh,localhost:3000,2024-08-19T19:10:42.669Z
GET,/users/id/15,localhost:3000,2024-08-19T19:10:42.684Z
OPTIONS,/logout,localhost:3000,2024-08-19T19:10:54.000Z
GET,/logout,localhost:3000,2024-08-19T19:10:54.013Z
OPTIONS,/login,localhost:3000,2024-08-19T19:11:30.917Z
POST,/login,localhost:3000,2024-08-19T19:11:30.923Z
OPTIONS,/logout,localhost:3000,2024-08-19T19:11:33.014Z
GET,/logout,localhost:3000,2024-08-19T19:11:33.017Z
OPTIONS,/login,localhost:3000,2024-08-19T19:13:08.298Z
POST,/login,localhost:3000,2024-08-19T19:13:08.302Z
OPTIONS,/logout,localhost:3000,2024-08-19T19:13:10.608Z
GET,/logout,localhost:3000,2024-08-19T19:13:10.611Z
OPTIONS,/login,localhost:3000,2024-08-19T19:15:36.691Z
POST,/login,localhost:3000,2024-08-19T19:15:36.696Z
OPTIONS,/logout,localhost:3000,2024-08-19T19:15:39.895Z
GET,/logout,localhost:3000,2024-08-19T19:15:39.901Z
OPTIONS,/login,localhost:3000,2024-08-20T03:25:29.434Z
POST,/login,localhost:3000,2024-08-20T03:25:29.454Z
OPTIONS,/login,localhost:3000,2024-08-20T04:11:49.093Z
POST,/login,localhost:3000,2024-08-20T04:11:49.112Z
OPTIONS,/login,localhost:3000,2024-08-20T04:12:41.127Z
POST,/login,localhost:3000,2024-08-20T04:12:41.135Z
OPTIONS,/login,localhost:3000,2024-08-20T04:12:54.438Z
POST,/login,localhost:3000,2024-08-20T04:12:54.454Z
OPTIONS,/login,localhost:3000,2024-08-20T04:13:34.343Z
POST,/login,localhost:3000,2024-08-20T04:13:34.349Z
OPTIONS,/login,localhost:3000,2024-08-20T04:18:46.842Z
POST,/login,localhost:3000,2024-08-20T04:18:46.866Z
OPTIONS,/login,localhost:3000,2024-08-20T04:19:36.554Z
POST,/login,localhost:3000,2024-08-20T04:19:36.562Z
OPTIONS,/login,localhost:3000,2024-08-20T04:20:43.495Z
POST,/login,localhost:3000,2024-08-20T04:20:43.507Z
OPTIONS,/login,localhost:3000,2024-08-20T04:21:53.117Z
POST,/login,localhost:3000,2024-08-20T04:21:53.123Z
OPTIONS,/users/id/15,localhost:3000,2024-08-20T04:22:04.204Z
GET,/users/id/15,localhost:3000,2024-08-20T04:22:04.212Z
OPTIONS,/users/id/15,localhost:3000,2024-08-20T04:22:14.430Z
GET,/users/id/15,localhost:3000,2024-08-20T04:22:14.456Z
OPTIONS,/users/id/15,localhost:3000,2024-08-20T04:22:22.354Z
GET,/users/id/15,localhost:3000,2024-08-20T04:22:22.361Z
OPTIONS,/users/id/15,localhost:3000,2024-08-20T04:22:30.183Z
GET,/users/id/15,localhost:3000,2024-08-20T04:22:30.190Z
GET,/refresh,localhost:3000,2024-08-20T04:22:30.202Z
GET,/users/id/15,localhost:3000,2024-08-20T04:22:30.218Z
OPTIONS,/login,localhost:3000,2024-08-20T04:23:04.005Z
POST,/login,localhost:3000,2024-08-20T04:23:04.020Z
OPTIONS,/users/id/15,localhost:3000,2024-08-20T04:23:22.537Z
GET,/users/id/15,localhost:3000,2024-08-20T04:23:22.554Z
OPTIONS,/users/id/15,localhost:3000,2024-08-20T04:23:30.347Z
GET,/users/id/15,localhost:3000,2024-08-20T04:23:30.383Z
GET,/users/id/15,localhost:3000,2024-08-20T04:23:34.079Z
GET,/refresh,localhost:3000,2024-08-20T04:23:34.098Z
OPTIONS,/users/id/15,localhost:3000,2024-08-20T04:23:46.623Z
GET,/users/id/15,localhost:3000,2024-08-20T04:23:46.634Z
GET,/refresh,localhost:3000,2024-08-20T04:23:46.656Z
OPTIONS,/login,localhost:3000,2024-08-20T05:00:13.802Z
POST,/login,localhost:3000,2024-08-20T05:00:13.811Z
OPTIONS,/logout,localhost:3000,2024-08-20T05:01:01.856Z
GET,/logout,localhost:3000,2024-08-20T05:01:01.875Z
GET,/refresh,localhost:3000,2024-08-20T05:01:01.893Z
OPTIONS,/login,localhost:3000,2024-08-20T05:02:05.373Z
POST,/login,localhost:3000,2024-08-20T05:02:05.378Z
OPTIONS,/login,localhost:3000,2024-08-20T05:04:33.555Z
POST,/login,localhost:3000,2024-08-20T05:04:33.563Z
OPTIONS,/login,localhost:3000,2024-08-20T05:10:08.872Z
POST,/login,localhost:3000,2024-08-20T05:10:08.882Z
OPTIONS,/login,localhost:3000,2024-08-20T05:11:46.708Z
POST,/login,localhost:3000,2024-08-20T05:11:46.713Z
OPTIONS,/logout,localhost:3000,2024-08-20T05:12:12.020Z
GET,/logout,localhost:3000,2024-08-20T05:12:12.028Z
OPTIONS,/login,localhost:3000,2024-08-20T05:12:44.446Z
POST,/login,localhost:3000,2024-08-20T05:12:44.455Z
OPTIONS,/login,localhost:3000,2024-08-20T05:13:33.205Z
POST,/login,localhost:3000,2024-08-20T05:13:33.213Z
OPTIONS,/login,localhost:3000,2024-08-20T07:05:13.566Z
POST,/login,localhost:3000,2024-08-20T07:05:13.574Z
OPTIONS,/logout,localhost:3000,2024-08-20T07:05:25.683Z
GET,/logout,localhost:3000,2024-08-20T07:05:25.691Z
OPTIONS,/login,localhost:3000,2024-08-20T07:06:06.611Z
POST,/login,localhost:3000,2024-08-20T07:06:06.619Z
OPTIONS,/logout,localhost:3000,2024-08-20T07:06:20.074Z
GET,/logout,localhost:3000,2024-08-20T07:06:20.081Z
OPTIONS,/login,localhost:3000,2024-08-20T07:08:04.742Z
POST,/login,localhost:3000,2024-08-20T07:08:04.754Z
OPTIONS,/login,localhost:3000,2024-08-20T07:09:34.989Z
POST,/login,localhost:3000,2024-08-20T07:09:35.003Z
OPTIONS,/login,localhost:3000,2024-08-20T07:10:06.759Z
POST,/login,localhost:3000,2024-08-20T07:10:06.766Z
OPTIONS,/login,localhost:3000,2024-08-20T07:11:26.092Z
POST,/login,localhost:3000,2024-08-20T07:11:26.108Z
OPTIONS,/login,localhost:3000,2024-08-20T07:12:16.982Z
POST,/login,localhost:3000,2024-08-20T07:12:16.991Z
OPTIONS,/login,localhost:3000,2024-08-20T07:14:50.586Z
POST,/login,localhost:3000,2024-08-20T07:14:50.594Z
OPTIONS,/login,localhost:3000,2024-08-20T07:20:24.944Z
POST,/login,localhost:3000,2024-08-20T07:20:24.956Z
OPTIONS,/login,localhost:3000,2024-08-20T07:23:13.507Z
POST,/login,localhost:3000,2024-08-20T07:23:13.525Z
OPTIONS,/login,localhost:3000,2024-08-20T07:28:24.127Z
POST,/login,localhost:3000,2024-08-20T07:28:24.142Z
OPTIONS,/login,localhost:3000,2024-08-20T07:29:38.516Z
POST,/login,localhost:3000,2024-08-20T07:29:38.532Z
OPTIONS,/login,localhost:3000,2024-08-20T07:30:13.872Z
POST,/login,localhost:3000,2024-08-20T07:30:13.904Z
OPTIONS,/login,localhost:3000,2024-08-20T07:32:51.645Z
POST,/login,localhost:3000,2024-08-20T07:32:51.675Z
OPTIONS,/login,localhost:3000,2024-08-20T07:34:52.897Z
POST,/login,localhost:3000,2024-08-20T07:34:52.912Z
OPTIONS,/login,localhost:3000,2024-08-20T07:35:14.655Z
POST,/login,localhost:3000,2024-08-20T07:35:14.661Z
OPTIONS,/login,localhost:3000,2024-08-20T08:21:06.792Z
POST,/login,localhost:3000,2024-08-20T08:21:06.831Z
OPTIONS,/login,localhost:3000,2024-08-20T08:21:48.805Z
POST,/login,localhost:3000,2024-08-20T08:21:48.838Z
OPTIONS,/login,localhost:3000,2024-08-20T09:29:17.394Z
POST,/login,localhost:3000,2024-08-20T09:29:17.415Z
OPTIONS,/login,localhost:3000,2024-08-20T09:30:26.938Z
POST,/login,localhost:3000,2024-08-20T09:30:26.949Z
OPTIONS,/login,localhost:3000,2024-08-20T09:30:57.439Z
POST,/login,localhost:3000,2024-08-20T09:30:57.447Z
OPTIONS,/login,localhost:3000,2024-08-20T09:31:07.121Z
POST,/login,localhost:3000,2024-08-20T09:31:07.129Z
OPTIONS,/login,localhost:3000,2024-08-20T09:31:14.211Z
POST,/login,localhost:3000,2024-08-20T09:31:14.216Z
OPTIONS,/login,localhost:3000,2024-08-20T09:36:55.115Z
POST,/login,localhost:3000,2024-08-20T09:36:55.121Z
OPTIONS,/login,localhost:3000,2024-08-25T10:09:08.179Z
POST,/login,localhost:3000,2024-08-25T10:09:08.193Z
POST,/login,localhost:3000,2024-08-25T10:09:11.971Z
OPTIONS,/login,localhost:3000,2024-08-25T10:09:36.107Z
POST,/login,localhost:3000,2024-08-25T10:09:36.117Z
OPTIONS,/login,localhost:3000,2024-08-25T10:11:51.777Z
POST,/login,localhost:3000,2024-08-25T10:11:51.788Z
OPTIONS,/users/id/15,localhost:3000,2024-08-25T10:11:58.780Z
GET,/users/id/15,localhost:3000,2024-08-25T10:11:58.796Z
OPTIONS,/users/id/15,localhost:3000,2024-08-25T10:20:43.745Z
GET,/users/id/15,localhost:3000,2024-08-25T10:20:43.755Z
GET,/refresh,localhost:3000,2024-08-25T10:20:43.770Z
GET,/users/id/15,localhost:3000,2024-08-25T10:20:43.792Z
OPTIONS,/users/id/15,localhost:3000,2024-08-25T10:38:09.075Z
GET,/users/id/15,localhost:3000,2024-08-25T10:38:09.084Z
GET,/refresh,localhost:3000,2024-08-25T10:38:09.096Z
GET,/users/id/15,localhost:3000,2024-08-25T10:38:09.120Z
GET,/users/id/15,localhost:3000,2024-08-25T10:38:12.768Z
OPTIONS,/users/id/15,localhost:3000,2024-08-25T10:39:48.999Z
GET,/users/id/15,localhost:3000,2024-08-25T10:39:49.014Z
GET,/refresh,localhost:3000,2024-08-25T10:39:49.029Z
GET,/users/id/15,localhost:3000,2024-08-25T10:39:49.057Z
OPTIONS,/users/id/15,localhost:3000,2024-08-25T10:39:54.461Z
GET,/users/id/15,localhost:3000,2024-08-25T10:39:54.467Z
GET,/users/id/15,localhost:3000,2024-08-25T10:39:58.977Z
OPTIONS,/users/id/15,localhost:3000,2024-08-25T10:43:41.336Z
GET,/users/id/15,localhost:3000,2024-08-25T10:43:41.354Z
GET,/refresh,localhost:3000,2024-08-25T10:43:41.370Z
GET,/users/id/15,localhost:3000,2024-08-25T10:43:41.393Z
OPTIONS,/users/id/15,localhost:3000,2024-08-25T10:44:13.597Z
GET,/users/id/15,localhost:3000,2024-08-25T10:44:13.607Z
GET,/refresh,localhost:3000,2024-08-25T10:44:13.621Z
GET,/users/id/15,localhost:3000,2024-08-25T10:44:13.642Z
OPTIONS,/users/id/15,localhost:3000,2024-08-25T10:45:25.788Z
GET,/users/id/15,localhost:3000,2024-08-25T10:45:25.798Z
GET,/refresh,localhost:3000,2024-08-25T10:45:25.811Z
GET,/users/id/15,localhost:3000,2024-08-25T10:45:25.830Z
OPTIONS,/users/id/15,localhost:3000,2024-08-25T10:45:37.120Z
GET,/users/id/15,localhost:3000,2024-08-25T10:45:37.130Z
OPTIONS,/users/id/15,localhost:3000,2024-08-25T10:45:44.797Z
GET,/users/id/15,localhost:3000,2024-08-25T10:45:44.807Z
OPTIONS,/users/id/15,localhost:3000,2024-08-25T10:49:22.229Z
GET,/users/id/15,localhost:3000,2024-08-25T10:49:22.242Z
GET,/refresh,localhost:3000,2024-08-25T10:49:22.304Z
GET,/users/id/15,localhost:3000,2024-08-25T10:49:22.330Z
OPTIONS,/login,localhost:3000,2024-08-25T10:55:31.484Z
POST,/login,localhost:3000,2024-08-25T10:55:31.493Z
OPTIONS,/users/id/15,localhost:3000,2024-08-25T11:02:24.464Z
GET,/users/id/15,localhost:3000,2024-08-25T11:02:24.481Z
GET,/refresh,localhost:3000,2024-08-25T11:02:24.495Z
GET,/users/id/15,localhost:3000,2024-08-25T11:02:24.519Z
OPTIONS,/users/id/null,localhost:3000,2024-08-25T11:02:33.444Z
GET,/users/id/null,localhost:3000,2024-08-25T11:02:33.454Z
OPTIONS,/logout,localhost:3000,2024-08-25T11:02:57.924Z
GET,/logout,localhost:3000,2024-08-25T11:02:57.935Z
GET,/refresh,localhost:3000,2024-08-25T11:02:57.959Z
GET,/logout,localhost:3000,2024-08-25T11:02:57.976Z
OPTIONS,/login,localhost:3000,2024-08-25T11:03:19.022Z
POST,/login,localhost:3000,2024-08-25T11:03:19.048Z
OPTIONS,/users/id/15,localhost:3000,2024-08-25T11:03:24.887Z
GET,/users/id/15,localhost:3000,2024-08-25T11:03:24.894Z
OPTIONS,/users/id/null,localhost:3000,2024-08-25T11:03:34.631Z
GET,/users/id/null,localhost:3000,2024-08-25T11:03:34.645Z
OPTIONS,/users/id/null,localhost:3000,2024-08-25T11:05:24.464Z
GET,/users/id/null,localhost:3000,2024-08-25T11:05:24.501Z
GET,/refresh,localhost:3000,2024-08-25T11:05:24.550Z
GET,/users/id/null,localhost:3000,2024-08-25T11:05:24.582Z
OPTIONS,/users/id/15,localhost:3000,2024-08-25T11:06:00.407Z
GET,/users/id/15,localhost:3000,2024-08-25T11:06:00.417Z
GET,/refresh,localhost:3000,2024-08-25T11:06:00.429Z
GET,/users/id/15,localhost:3000,2024-08-25T11:06:00.445Z
GET,/users/id/15,localhost:3000,2024-08-25T11:06:04.172Z
OPTIONS,/users/id/null,localhost:3000,2024-08-25T11:06:09.474Z
GET,/users/id/null,localhost:3000,2024-08-25T11:06:09.491Z
OPTIONS,/logout,localhost:3000,2024-08-25T11:06:32.113Z
GET,/logout,localhost:3000,2024-08-25T11:06:32.127Z
GET,/refresh,localhost:3000,2024-08-25T11:06:32.151Z
GET,/logout,localhost:3000,2024-08-25T11:06:32.169Z
OPTIONS,/login,localhost:3000,2024-08-25T11:06:54.313Z
POST,/login,localhost:3000,2024-08-25T11:06:54.321Z
OPTIONS,/users/id/15,localhost:3000,2024-08-25T11:06:59.311Z
GET,/users/id/15,localhost:3000,2024-08-25T11:06:59.316Z
OPTIONS,/users/id/null,localhost:3000,2024-08-25T11:07:05.277Z
GET,/users/id/null,localhost:3000,2024-08-25T11:07:05.285Z
OPTIONS,/users/id/null,localhost:3000,2024-08-25T11:14:02.906Z
GET,/users/id/null,localhost:3000,2024-08-25T11:14:02.922Z
GET,/refresh,localhost:3000,2024-08-25T11:14:02.941Z
GET,/users/id/null,localhost:3000,2024-08-25T11:14:02.959Z
OPTIONS,/users/id/15,localhost:3000,2024-08-25T11:14:09.724Z
GET,/users/id/15,localhost:3000,2024-08-25T11:14:09.730Z
OPTIONS,/login,localhost:3000,2024-08-25T11:14:26.446Z
POST,/login,localhost:3000,2024-08-25T11:14:26.456Z
OPTIONS,/login,localhost:3000,2024-08-25T11:14:57.743Z
POST,/login,localhost:3000,2024-08-25T11:14:57.751Z
OPTIONS,/users/id/15,localhost:3000,2024-08-25T11:14:59.551Z
GET,/users/id/15,localhost:3000,2024-08-25T11:14:59.558Z
OPTIONS,/users/id/$%7BuserId%7D,localhost:3000,2024-08-25T11:15:51.546Z
GET,/users/id/$%7BuserId%7D,localhost:3000,2024-08-25T11:15:51.559Z
GET,/refresh,localhost:3000,2024-08-25T11:15:51.578Z
GET,/users/id/$%7BuserId%7D,localhost:3000,2024-08-25T11:15:51.606Z
OPTIONS,/users/id/15,localhost:3000,2024-08-25T11:16:00.901Z
GET,/users/id/15,localhost:3000,2024-08-25T11:16:00.914Z
OPTIONS,/users/id/null,localhost:3000,2024-08-25T11:16:03.171Z
GET,/users/id/null,localhost:3000,2024-08-25T11:16:03.175Z
OPTIONS,/logout,localhost:3000,2024-08-25T11:16:05.556Z
GET,/logout,localhost:3000,2024-08-25T11:16:05.560Z
OPTIONS,/login,localhost:3000,2024-08-25T11:16:18.724Z
POST,/login,localhost:3000,2024-08-25T11:16:18.729Z
OPTIONS,/users/id/$%7BuserId%7D,localhost:3000,2024-08-25T11:16:29.679Z
GET,/users/id/$%7BuserId%7D,localhost:3000,2024-08-25T11:16:29.687Z
OPTIONS,/users/id/15,localhost:3000,2024-08-25T11:16:59.433Z
GET,/users/id/15,localhost:3000,2024-08-25T11:16:59.465Z
GET,/refresh,localhost:3000,2024-08-25T11:16:59.480Z
GET,/users/id/15,localhost:3000,2024-08-25T11:16:59.566Z
OPTIONS,/users/id/15,localhost:3000,2024-08-25T11:17:04.563Z
GET,/users/id/15,localhost:3000,2024-08-25T11:17:04.567Z
OPTIONS,/users/id/15,localhost:3000,2024-08-25T11:17:18.508Z
GET,/users/id/15,localhost:3000,2024-08-25T11:17:18.519Z
OPTIONS,/users/id/15,localhost:3000,2024-08-25T11:17:26.428Z
GET,/users/id/15,localhost:3000,2024-08-25T11:17:26.439Z
OPTIONS,/users/id/15,localhost:3000,2024-08-25T11:17:39.379Z
GET,/users/id/15,localhost:3000,2024-08-25T11:17:39.413Z
GET,/refresh,localhost:3000,2024-08-25T11:17:39.445Z
GET,/users/id/15,localhost:3000,2024-08-25T11:17:39.469Z
OPTIONS,/users/id/15,localhost:3000,2024-08-25T11:18:02.560Z
GET,/users/id/15,localhost:3000,2024-08-25T11:18:02.587Z
GET,/transaction/15,localhost:3000,2024-08-25T11:36:52.963Z
POST,/login,localhost:3000,2024-08-25T11:37:13.862Z
GET,/transaction/15,localhost:3000,2024-08-25T11:37:44.784Z
POST,/login,localhost:3000,2024-08-25T11:39:37.700Z
GET,/transaction/15,localhost:3000,2024-08-25T11:39:55.261Z
GET,/transaction/15,localhost:3000,2024-08-25T11:41:17.663Z
GET,/transaction/15,localhost:3000,2024-08-25T11:42:25.361Z
GET,/transaction/?uid=15,localhost:3000,2024-08-25T11:42:52.154Z
OPTIONS,/users/id/15,localhost:3000,2024-08-25T12:44:37.574Z
GET,/users/id/15,localhost:3000,2024-08-25T12:44:37.589Z
GET,/refresh,localhost:3000,2024-08-25T12:44:37.605Z
OPTIONS,/users/id/15,localhost:3000,2024-08-25T12:44:46.913Z
GET,/users/id/15,localhost:3000,2024-08-25T12:44:46.921Z
GET,/refresh,localhost:3000,2024-08-25T12:44:46.930Z
OPTIONS,/users/id/15,localhost:3000,2024-08-25T12:45:27.519Z
GET,/users/id/15,localhost:3000,2024-08-25T12:45:27.532Z
GET,/refresh,localhost:3000,2024-08-25T12:45:27.541Z
GET,/users/id/15,localhost:3000,2024-08-25T12:45:30.452Z
GET,/refresh,localhost:3000,2024-08-25T12:45:30.465Z
OPTIONS,/login,localhost:3000,2024-08-25T12:50:03.555Z
POST,/login,localhost:3000,2024-08-25T12:50:03.562Z
OPTIONS,/users/id/15,localhost:3000,2024-08-25T12:50:40.195Z
GET,/users/id/15,localhost:3000,2024-08-25T12:50:40.208Z
OPTIONS,/users/id/15,localhost:3000,2024-08-25T12:51:10.655Z
GET,/users/id/15,localhost:3000,2024-08-25T12:51:10.672Z
GET,/refresh,localhost:3000,2024-08-25T12:51:10.692Z
GET,/users/id/15,localhost:3000,2024-08-25T12:51:10.715Z
OPTIONS,/users/id/15,localhost:3000,2024-08-25T12:51:41.407Z
GET,/users/id/15,localhost:3000,2024-08-25T12:51:41.421Z
OPTIONS,/users/id/15,localhost:3000,2024-08-25T12:51:57.620Z
GET,/users/id/15,localhost:3000,2024-08-25T12:51:57.627Z
OPTIONS,/users/id/16,localhost:3000,2024-08-25T12:52:20.267Z
GET,/users/id/16,localhost:3000,2024-08-25T12:52:20.280Z
GET,/refresh,localhost:3000,2024-08-25T12:52:20.289Z
GET,/users/id/16,localhost:3000,2024-08-25T12:52:20.303Z
OPTIONS,/users/id/16,localhost:3000,2024-08-25T12:52:34.029Z
GET,/users/id/16,localhost:3000,2024-08-25T12:52:34.039Z
OPTIONS,/users/id/16,localhost:3000,2024-08-25T12:53:10.159Z
GET,/users/id/16,localhost:3000,2024-08-25T12:53:10.173Z
OPTIONS,/users/id/16,localhost:3000,2024-08-25T12:53:19.310Z
GET,/users/id/16,localhost:3000,2024-08-25T12:53:19.327Z
OPTIONS,/users/id/16,localhost:3000,2024-08-25T12:58:38.434Z
GET,/users/id/16,localhost:3000,2024-08-25T12:58:38.440Z
GET,/refresh,localhost:3000,2024-08-25T12:58:38.449Z
GET,/users/id/16,localhost:3000,2024-08-25T12:58:38.461Z
OPTIONS,/users/id/16,localhost:3000,2024-08-25T12:59:16.428Z
GET,/users/id/16,localhost:3000,2024-08-25T12:59:16.432Z
OPTIONS,/users/id/16,localhost:3000,2024-08-25T12:59:31.436Z
GET,/users/id/16,localhost:3000,2024-08-25T12:59:31.441Z
GET,/users/id/16,localhost:3000,2024-08-25T12:59:34.432Z
GET,/users/id/16,localhost:3000,2024-08-25T12:59:35.429Z
OPTIONS,/users/id/16,localhost:3000,2024-08-25T12:59:45.432Z
GET,/users/id/16,localhost:3000,2024-08-25T12:59:45.436Z
OPTIONS,/users/id/16,localhost:3000,2024-08-25T12:59:51.425Z
GET,/users/id/16,localhost:3000,2024-08-25T12:59:51.429Z
OPTIONS,/transaction/id/16,localhost:3000,2024-08-25T13:00:15.434Z
GET,/transaction/id/16,localhost:3000,2024-08-25T13:00:15.444Z
OPTIONS,/transaction//16,localhost:3000,2024-08-25T13:00:19.431Z
GET,/transaction//16,localhost:3000,2024-08-25T13:00:19.436Z
POST,/login,localhost:3000,2024-08-25T13:02:53.066Z
GET,/transaction/?uid=15,localhost:3000,2024-08-25T13:03:18.806Z
GET,/transaction/15,localhost:3000,2024-08-25T13:03:27.316Z
GET,/transaction/uid/15,localhost:3000,2024-08-25T13:03:38.240Z
GET,/transaction/uid/16,localhost:3000,2024-08-25T13:03:44.272Z
GET,/transaction/uid/16,localhost:3000,2024-08-25T13:05:18.761Z
GET,/transaction/uid/15,localhost:3000,2024-08-25T13:05:42.308Z
GET,/transaction/uid/5,localhost:3000,2024-08-25T13:06:05.463Z
GET,/transaction/uid/15,localhost:3000,2024-08-25T13:07:57.481Z
POST,/login,localhost:3000,2024-08-25T13:08:12.882Z
GET,/transaction/uid/15,localhost:3000,2024-08-25T13:08:25.547Z
GET,/transaction/uid/15,localhost:3000,2024-08-25T13:09:12.616Z
GET,/transaction/uid/5,localhost:3000,2024-08-25T13:09:16.999Z
OPTIONS,/transaction/uid/16,localhost:3000,2024-08-25T13:17:46.421Z
GET,/transaction/uid/16,localhost:3000,2024-08-25T13:17:46.430Z
GET,/refresh,localhost:3000,2024-08-25T13:17:46.438Z
GET,/transaction/uid/16,localhost:3000,2024-08-25T13:17:46.454Z
OPTIONS,/transaction/uid/16,localhost:3000,2024-08-25T13:19:05.470Z
GET,/transaction/uid/16,localhost:3000,2024-08-25T13:19:05.478Z
OPTIONS,/transaction/uid/16,localhost:3000,2024-08-25T13:19:12.426Z
GET,/transaction/uid/16,localhost:3000,2024-08-25T13:19:12.437Z
OPTIONS,/transaction/uid/16,localhost:3000,2024-08-25T13:19:21.455Z
GET,/transaction/uid/16,localhost:3000,2024-08-25T13:19:21.471Z
OPTIONS,/transaction/uid/16,localhost:3000,2024-08-25T13:19:28.434Z
GET,/transaction/uid/16,localhost:3000,2024-08-25T13:19:28.440Z
GET,/transaction/uid/16,localhost:3000,2024-08-25T13:19:30.429Z
GET,/transaction/uid/16,localhost:3000,2024-08-25T13:19:32.426Z
GET,/transaction/uid/16,localhost:3000,2024-08-25T13:19:33.431Z
OPTIONS,/transaction/uid/16,localhost:3000,2024-08-25T13:19:36.438Z
GET,/transaction/uid/16,localhost:3000,2024-08-25T13:19:36.440Z
GET,/transaction/uid/16,localhost:3000,2024-08-25T13:19:40.431Z
OPTIONS,/transaction/uid/16,localhost:3000,2024-08-25T13:19:55.446Z
GET,/transaction/uid/16,localhost:3000,2024-08-25T13:19:55.452Z
GET,/transaction/uid/16,localhost:3000,2024-08-25T13:20:00.426Z
OPTIONS,/transaction/uid/16,localhost:3000,2024-08-25T13:20:03.431Z
GET,/transaction/uid/16,localhost:3000,2024-08-25T13:20:03.435Z
OPTIONS,/transaction/uid/16,localhost:3000,2024-08-25T13:21:03.133Z
GET,/transaction/uid/16,localhost:3000,2024-08-25T13:21:03.139Z
GET,/refresh,localhost:3000,2024-08-25T13:21:03.152Z
GET,/transaction/uid/16,localhost:3000,2024-08-25T13:21:03.165Z
OPTIONS,/users/id/16,localhost:3000,2024-08-25T13:21:09.528Z
GET,/users/id/16,localhost:3000,2024-08-25T13:21:09.534Z
GET,/refresh,localhost:3000,2024-08-25T13:21:09.540Z
GET,/users/id/16,localhost:3000,2024-08-25T13:21:09.552Z
OPTIONS,/transaction/uid/16,localhost:3000,2024-08-25T13:21:12.833Z
GET,/transaction/uid/16,localhost:3000,2024-08-25T13:21:12.835Z
OPTIONS,/users/id/16,localhost:3000,2024-08-25T13:21:16.434Z
GET,/users/id/16,localhost:3000,2024-08-25T13:21:16.437Z
GET,/refresh,localhost:3000,2024-08-25T13:21:16.452Z
GET,/users/id/16,localhost:3000,2024-08-25T13:21:16.468Z
OPTIONS,/transaction/uid/null,localhost:3000,2024-08-25T13:22:08.220Z
GET,/transaction/uid/null,localhost:3000,2024-08-25T13:22:08.226Z
OPTIONS,/users/id/5,localhost:3000,2024-08-25T13:22:24.435Z
GET,/users/id/5,localhost:3000,2024-08-25T13:22:24.441Z
GET,/refresh,localhost:3000,2024-08-25T13:22:24.447Z
GET,/users/id/5,localhost:3000,2024-08-25T13:22:24.470Z
OPTIONS,/transaction/uid/null,localhost:3000,2024-08-25T13:22:27.862Z
GET,/transaction/uid/null,localhost:3000,2024-08-25T13:22:27.866Z
OPTIONS,/users/id/5,localhost:3000,2024-08-25T13:22:32.651Z
GET,/users/id/5,localhost:3000,2024-08-25T13:22:32.654Z
GET,/refresh,localhost:3000,2024-08-25T13:22:32.667Z
GET,/users/id/5,localhost:3000,2024-08-25T13:22:32.678Z
OPTIONS,/users/id/5,localhost:3000,2024-08-25T13:22:41.580Z
GET,/users/id/5,localhost:3000,2024-08-25T13:22:41.587Z
GET,/refresh,localhost:3000,2024-08-25T13:22:41.600Z
GET,/users/id/5,localhost:3000,2024-08-25T13:22:41.613Z
OPTIONS,/logout,localhost:3000,2024-08-25T13:22:46.027Z
GET,/logout,localhost:3000,2024-08-25T13:22:46.037Z
OPTIONS,/login,localhost:3000,2024-08-25T13:22:57.680Z
POST,/login,localhost:3000,2024-08-25T13:22:57.685Z
OPTIONS,/users/id/15,localhost:3000,2024-08-25T13:23:18.989Z
GET,/users/id/15,localhost:3000,2024-08-25T13:23:18.997Z
GET,/users/id/15,localhost:3000,2024-08-25T13:23:23.048Z
OPTIONS,/transaction/uid/null,localhost:3000,2024-08-25T13:23:26.310Z
GET,/transaction/uid/null,localhost:3000,2024-08-25T13:23:26.315Z
OPTIONS,/users/id/15,localhost:3000,2024-08-25T13:25:01.527Z
GET,/users/id/15,localhost:3000,2024-08-25T13:25:01.536Z
GET,/refresh,localhost:3000,2024-08-25T13:25:01.542Z
GET,/users/id/15,localhost:3000,2024-08-25T13:25:01.552Z
OPTIONS,/users/id/15,localhost:3000,2024-08-25T13:25:11.277Z
GET,/users/id/15,localhost:3000,2024-08-25T13:25:11.283Z
OPTIONS,/transaction/uid/null,localhost:3000,2024-08-25T13:25:14.532Z
GET,/transaction/uid/null,localhost:3000,2024-08-25T13:25:14.536Z
OPTIONS,/users/id/15,localhost:3000,2024-08-25T13:25:21.527Z
GET,/users/id/15,localhost:3000,2024-08-25T13:25:21.536Z
GET,/refresh,localhost:3000,2024-08-25T13:25:21.542Z
GET,/users/id/15,localhost:3000,2024-08-25T13:25:21.556Z
OPTIONS,/users/id/15,localhost:3000,2024-08-25T13:25:31.157Z
GET,/users/id/15,localhost:3000,2024-08-25T13:25:31.165Z
OPTIONS,/users/id/15,localhost:3000,2024-08-25T13:25:36.368Z
GET,/users/id/15,localhost:3000,2024-08-25T13:25:36.377Z
OPTIONS,/transaction/uid/null,localhost:3000,2024-08-25T13:25:39.705Z
GET,/transaction/uid/null,localhost:3000,2024-08-25T13:25:39.718Z
OPTIONS,/users/id/15,localhost:3000,2024-08-25T13:25:52.078Z
GET,/users/id/15,localhost:3000,2024-08-25T13:25:52.087Z
GET,/refresh,localhost:3000,2024-08-25T13:25:52.094Z
GET,/users/id/15,localhost:3000,2024-08-25T13:25:52.105Z
OPTIONS,/transaction/uid/null,localhost:3000,2024-08-25T13:26:02.580Z
GET,/transaction/uid/null,localhost:3000,2024-08-25T13:26:02.587Z
OPTIONS,/transaction/uid/null,localhost:3000,2024-08-25T13:26:34.541Z
GET,/transaction/uid/null,localhost:3000,2024-08-25T13:26:34.554Z
GET,/refresh,localhost:3000,2024-08-25T13:26:34.571Z
GET,/transaction/uid/null,localhost:3000,2024-08-25T13:26:34.583Z
OPTIONS,/transaction/uid/null,localhost:3000,2024-08-25T13:28:20.010Z
GET,/transaction/uid/null,localhost:3000,2024-08-25T13:28:20.034Z
GET,/refresh,localhost:3000,2024-08-25T13:28:20.047Z
GET,/transaction/uid/null,localhost:3000,2024-08-25T13:28:20.130Z
GET,/transaction/uid/5,localhost:3000,2024-08-25T13:32:34.181Z
POST,/login,localhost:3000,2024-08-25T13:32:42.991Z
GET,/transaction/uid/5,localhost:3000,2024-08-25T13:33:02.593Z
GET,/transaction/?uid=5,localhost:3000,2024-08-25T13:33:31.901Z
GET,/users/id/15,localhost:3000,2024-08-25T13:34:15.364Z
GET,/users/id/15,localhost:3000,2024-08-25T13:34:22.836Z
GET,/transaction/?uid=5,localhost:3000,2024-08-25T13:37:34.509Z
GET,/transaction/uid/5,localhost:3000,2024-08-25T13:37:49.457Z
POST,/login,localhost:3000,2024-08-25T13:37:58.005Z
GET,/transaction/uid/5,localhost:3000,2024-08-25T13:38:23.211Z
GET,/transaction/uid/?uid=5,localhost:3000,2024-08-25T13:40:03.810Z
GET,/transaction/uid/,localhost:3000,2024-08-25T13:40:13.084Z
GET,/transaction/uid/5,localhost:3000,2024-08-25T13:40:17.938Z
GET,/transaction/uid/5,localhost:3000,2024-08-25T13:42:05.561Z
GET,/transaction/uid/5,localhost:3000,2024-08-25T13:45:39.580Z
OPTIONS,/users/id/15,localhost:3000,2024-08-25T13:46:05.832Z
GET,/users/id/15,localhost:3000,2024-08-25T13:46:05.845Z
GET,/refresh,localhost:3000,2024-08-25T13:46:05.861Z
GET,/users/id/15,localhost:3000,2024-08-25T13:46:05.888Z
OPTIONS,/users/id/5,localhost:3000,2024-08-25T13:46:16.150Z
GET,/users/id/5,localhost:3000,2024-08-25T13:46:16.163Z
GET,/refresh,localhost:3000,2024-08-25T13:46:16.178Z
GET,/users/id/5,localhost:3000,2024-08-25T13:46:16.197Z
OPTIONS,/transaction/uid/null,localhost:3000,2024-08-25T13:46:52.634Z
GET,/transaction/uid/null,localhost:3000,2024-08-25T13:46:52.650Z
OPTIONS,/users/id/5,localhost:3000,2024-08-25T13:47:03.031Z
GET,/users/id/5,localhost:3000,2024-08-25T13:47:03.043Z
GET,/refresh,localhost:3000,2024-08-25T13:47:03.053Z
GET,/users/id/5,localhost:3000,2024-08-25T13:47:03.066Z
OPTIONS,/users/id/5,localhost:3000,2024-08-25T13:48:28.464Z
GET,/users/id/5,localhost:3000,2024-08-25T13:48:28.473Z
GET,/users/id/5,localhost:3000,2024-08-25T13:48:29.450Z
OPTIONS,/users/id/5,localhost:3000,2024-08-25T13:48:44.919Z
GET,/users/id/5,localhost:3000,2024-08-25T13:48:44.926Z
OPTIONS,/login,localhost:3000,2024-08-25T13:49:30.546Z
POST,/login,localhost:3000,2024-08-25T13:49:30.551Z
OPTIONS,/users/id/15,localhost:3000,2024-08-25T13:49:38.489Z
GET,/users/id/15,localhost:3000,2024-08-25T13:49:38.495Z
GET,/users/id/15,localhost:3000,2024-08-25T13:49:42.533Z
OPTIONS,/users/id/15,localhost:3000,2024-08-25T13:49:47.017Z
GET,/users/id/15,localhost:3000,2024-08-25T13:49:47.020Z
OPTIONS,/users/id/15,localhost:3000,2024-08-25T13:51:24.919Z
GET,/users/id/15,localhost:3000,2024-08-25T13:51:24.925Z
GET,/refresh,localhost:3000,2024-08-25T13:51:24.931Z
GET,/users/id/15,localhost:3000,2024-08-25T13:51:24.944Z
OPTIONS,/transaction/uid/15,localhost:3000,2024-08-25T13:51:27.270Z
GET,/transaction/uid/15,localhost:3000,2024-08-25T13:51:27.273Z
OPTIONS,/transaction/uid/15,localhost:3000,2024-08-25T13:51:52.436Z
GET,/transaction/uid/15,localhost:3000,2024-08-25T13:51:52.441Z
GET,/transaction/uid/15,localhost:3000,2024-08-25T13:51:54.441Z
OPTIONS,/transaction/uid/15,localhost:3000,2024-08-25T13:51:59.788Z
GET,/transaction/uid/15,localhost:3000,2024-08-25T13:51:59.800Z
GET,/refresh,localhost:3000,2024-08-25T13:51:59.814Z
GET,/transaction/uid/15,localhost:3000,2024-08-25T13:51:59.832Z
OPTIONS,/users/id/15,localhost:3000,2024-08-25T13:52:12.776Z
GET,/users/id/15,localhost:3000,2024-08-25T13:52:12.783Z
GET,/refresh,localhost:3000,2024-08-25T13:52:12.801Z
GET,/users/id/15,localhost:3000,2024-08-25T13:52:12.816Z
OPTIONS,/transaction/uid/15,localhost:3000,2024-08-25T13:52:30.441Z
GET,/transaction/uid/15,localhost:3000,2024-08-25T13:52:30.449Z
OPTIONS,/transaction/uid/15,localhost:3000,2024-08-25T13:52:46.438Z
GET,/transaction/uid/15,localhost:3000,2024-08-25T13:52:46.443Z
OPTIONS,/users/id/15,localhost:3000,2024-08-25T13:52:55.419Z
GET,/users/id/15,localhost:3000,2024-08-25T13:52:55.432Z
GET,/refresh,localhost:3000,2024-08-25T13:52:55.451Z
GET,/users/id/15,localhost:3000,2024-08-25T13:52:55.464Z
OPTIONS,/transaction/uid/null,localhost:3000,2024-08-25T13:52:59.386Z
GET,/transaction/uid/null,localhost:3000,2024-08-25T13:52:59.391Z
OPTIONS,/transaction/uid/null,localhost:3000,2024-08-25T13:53:23.988Z
GET,/transaction/uid/null,localhost:3000,2024-08-25T13:53:23.995Z
GET,/refresh,localhost:3000,2024-08-25T13:53:24.001Z
GET,/transaction/uid/null,localhost:3000,2024-08-25T13:53:24.017Z
OPTIONS,/users/id/15,localhost:3000,2024-08-25T13:54:08.394Z
GET,/users/id/15,localhost:3000,2024-08-25T13:54:08.400Z
GET,/refresh,localhost:3000,2024-08-25T13:54:08.407Z
GET,/users/id/15,localhost:3000,2024-08-25T13:54:08.420Z
GET,/users/id/15,localhost:3000,2024-08-25T13:54:11.684Z
GET,/refresh,localhost:3000,2024-08-25T13:54:11.708Z
GET,/users/id/15,localhost:3000,2024-08-25T13:54:11.726Z
OPTIONS,/users/id/15,localhost:3000,2024-08-25T13:54:15.224Z
GET,/users/id/15,localhost:3000,2024-08-25T13:54:15.230Z
OPTIONS,/transaction/uid/null,localhost:3000,2024-08-25T13:54:18.202Z
GET,/transaction/uid/null,localhost:3000,2024-08-25T13:54:18.207Z
OPTIONS,/transaction/uid/null,localhost:3000,2024-08-25T13:54:58.429Z
GET,/transaction/uid/null,localhost:3000,2024-08-25T13:54:58.434Z
OPTIONS,/transaction/uid/null,localhost:3000,2024-08-25T13:55:46.425Z
GET,/transaction/uid/null,localhost:3000,2024-08-25T13:55:46.429Z
OPTIONS,/transaction/uid/null,localhost:3000,2024-08-25T13:55:54.439Z
GET,/transaction/uid/null,localhost:3000,2024-08-25T13:55:54.443Z
GET,/transaction/uid/null,localhost:3000,2024-08-25T13:55:56.445Z
OPTIONS,/users/id/15,localhost:3000,2024-08-25T13:56:36.438Z
GET,/users/id/15,localhost:3000,2024-08-25T13:56:36.451Z
GET,/refresh,localhost:3000,2024-08-25T13:56:36.463Z
GET,/users/id/15,localhost:3000,2024-08-25T13:56:36.479Z
OPTIONS,/transaction/uid/15,localhost:3000,2024-08-25T13:56:41.061Z
GET,/transaction/uid/15,localhost:3000,2024-08-25T13:56:41.075Z
OPTIONS,/transaction/uid/15,localhost:3000,2024-08-25T13:58:35.430Z
GET,/transaction/uid/15,localhost:3000,2024-08-25T13:58:35.453Z
GET,/transaction/uid/15,localhost:3000,2024-08-25T13:58:37.427Z
GET,/transaction/uid/15,localhost:3000,2024-08-25T13:58:40.424Z
OPTIONS,/transaction/uid/15,localhost:3000,2024-08-25T13:58:41.431Z
GET,/transaction/uid/15,localhost:3000,2024-08-25T13:58:41.435Z
GET,/transaction/uid/15,localhost:3000,2024-08-25T13:58:43.426Z
GET,/transaction/uid/15,localhost:3000,2024-08-25T13:58:44.434Z
OPTIONS,/transaction/uid/15,localhost:3000,2024-08-25T13:58:51.307Z
GET,/transaction/uid/15,localhost:3000,2024-08-25T13:58:51.313Z
GET,/refresh,localhost:3000,2024-08-25T13:58:51.322Z
GET,/transaction/uid/15,localhost:3000,2024-08-25T13:58:51.337Z
OPTIONS,/transaction/uid/15,localhost:3000,2024-08-25T13:59:10.463Z
GET,/transaction/uid/15,localhost:3000,2024-08-25T13:59:10.472Z
OPTIONS,/transaction/uid/15,localhost:3000,2024-08-25T13:59:41.430Z
GET,/transaction/uid/15,localhost:3000,2024-08-25T13:59:41.442Z
GET,/transaction/uid/15,localhost:3000,2024-08-25T13:59:43.444Z
OPTIONS,/transaction/uid/15,localhost:3000,2024-08-25T13:59:48.431Z
GET,/transaction/uid/15,localhost:3000,2024-08-25T13:59:48.433Z
GET,/transaction/uid/15,localhost:3000,2024-08-25T13:59:50.425Z
OPTIONS,/transaction/uid/15,localhost:3000,2024-08-25T13:59:54.433Z
GET,/transaction/uid/15,localhost:3000,2024-08-25T13:59:54.438Z
OPTIONS,/transaction/uid/15,localhost:3000,2024-08-25T14:00:03.432Z
GET,/transaction/uid/15,localhost:3000,2024-08-25T14:00:03.437Z
GET,/transaction/uid/15,localhost:3000,2024-08-25T14:00:07.430Z
OPTIONS,/transaction/uid/15,localhost:3000,2024-08-25T14:00:12.438Z
GET,/transaction/uid/15,localhost:3000,2024-08-25T14:00:12.445Z
GET,/transaction/uid/15,localhost:3000,2024-08-25T14:00:14.432Z
OPTIONS,/users/id/15,localhost:3000,2024-08-25T14:00:37.667Z
GET,/users/id/15,localhost:3000,2024-08-25T14:00:37.673Z
OPTIONS,/transaction/uid/15,localhost:3000,2024-08-25T14:00:40.256Z
GET,/transaction/uid/15,localhost:3000,2024-08-25T14:00:40.259Z
OPTIONS,/transaction/uid/15,localhost:3000,2024-08-25T14:01:05.469Z
OPTIONS,/users/id/15,localhost:3000,2024-08-25T14:05:08.437Z
GET,/users/id/15,localhost:3000,2024-08-25T14:05:08.445Z
GET,/refresh,localhost:3000,2024-08-25T14:05:08.461Z
GET,/users/id/15,localhost:3000,2024-08-25T14:05:08.482Z
OPTIONS,/transaction/uid/15,localhost:3000,2024-08-25T14:05:12.999Z
GET,/transaction/uid/15,localhost:3000,2024-08-25T14:05:13.003Z
OPTIONS,/users/id/15,localhost:3000,2024-08-25T14:07:27.204Z
GET,/users/id/15,localhost:3000,2024-08-25T14:07:27.214Z
OPTIONS,/transaction/uid/15,localhost:3000,2024-08-25T14:07:34.724Z
GET,/transaction/uid/15,localhost:3000,2024-08-25T14:07:34.730Z
OPTIONS,/transaction/uid/15,localhost:3000,2024-08-25T14:13:50.450Z
GET,/transaction/uid/15,localhost:3000,2024-08-25T14:13:50.459Z
GET,/refresh,localhost:3000,2024-08-25T14:13:50.471Z
GET,/transaction/uid/15,localhost:3000,2024-08-25T14:13:50.538Z
OPTIONS,/transaction/uid/15,localhost:3000,2024-08-25T14:14:26.434Z
GET,/transaction/uid/15,localhost:3000,2024-08-25T14:14:26.443Z
OPTIONS,/transaction/uid/15,localhost:3000,2024-08-25T14:14:35.420Z
GET,/transaction/uid/15,localhost:3000,2024-08-25T14:14:35.460Z
GET,/transaction/uid/15,localhost:3000,2024-08-25T14:14:37.410Z
OPTIONS,/transaction/uid/15,localhost:3000,2024-08-25T14:15:32.935Z
GET,/transaction/uid/15,localhost:3000,2024-08-25T14:15:32.941Z
OPTIONS,/transaction/uid/15,localhost:3000,2024-08-25T14:16:45.049Z
GET,/transaction/uid/15,localhost:3000,2024-08-25T14:16:45.055Z
GET,/refresh,localhost:3000,2024-08-25T14:16:45.068Z
GET,/transaction/uid/15,localhost:3000,2024-08-25T14:16:45.079Z
OPTIONS,/transaction/uid/15,localhost:3000,2024-08-25T14:17:54.466Z
GET,/transaction/uid/15,localhost:3000,2024-08-25T14:17:54.483Z
OPTIONS,/transaction/uid/15,localhost:3000,2024-08-25T14:18:06.417Z
GET,/transaction/uid/15,localhost:3000,2024-08-25T14:18:06.421Z
OPTIONS,/transaction/uid/15,localhost:3000,2024-08-25T14:18:12.433Z
GET,/transaction/uid/15,localhost:3000,2024-08-25T14:18:12.445Z
OPTIONS,/transaction/uid/15,localhost:3000,2024-08-25T14:18:28.433Z
GET,/transaction/uid/15,localhost:3000,2024-08-25T14:18:28.438Z
OPTIONS,/transaction/uid/15,localhost:3000,2024-08-25T14:18:33.948Z
GET,/transaction/uid/15,localhost:3000,2024-08-25T14:18:33.954Z
GET,/refresh,localhost:3000,2024-08-25T14:18:33.962Z
GET,/transaction/uid/15,localhost:3000,2024-08-25T14:18:33.979Z
OPTIONS,/users/id/15,localhost:3000,2024-08-25T14:18:37.867Z
GET,/users/id/15,localhost:3000,2024-08-25T14:18:37.871Z
OPTIONS,/transaction/uid/15,localhost:3000,2024-08-25T14:18:39.855Z
GET,/transaction/uid/15,localhost:3000,2024-08-25T14:18:39.859Z
OPTIONS,/transaction/uid/15,localhost:3000,2024-08-25T14:19:18.428Z
GET,/transaction/uid/15,localhost:3000,2024-08-25T14:19:18.431Z
GET,/transaction/uid/15,localhost:3000,2024-08-25T14:19:22.565Z
GET,/refresh,localhost:3000,2024-08-25T14:19:22.578Z
GET,/transaction/uid/15,localhost:3000,2024-08-25T14:19:22.594Z
OPTIONS,/transaction/uid/15,localhost:3000,2024-08-25T14:21:48.810Z
GET,/transaction/uid/15,localhost:3000,2024-08-25T14:21:48.817Z
GET,/refresh,localhost:3000,2024-08-25T14:21:48.866Z
GET,/transaction/uid/15,localhost:3000,2024-08-25T14:21:48.891Z
OPTIONS,/transaction/uid/15,localhost:3000,2024-08-25T14:22:30.429Z
GET,/transaction/uid/15,localhost:3000,2024-08-25T14:22:30.434Z
GET,/transaction/uid/15,localhost:3000,2024-08-25T14:22:33.435Z
GET,/transaction/uid/15,localhost:3000,2024-08-25T14:22:34.432Z
OPTIONS,/transaction/uid/15,localhost:3000,2024-08-25T14:22:36.431Z
GET,/transaction/uid/15,localhost:3000,2024-08-25T14:22:36.434Z
GET,/transaction/uid/15,localhost:3000,2024-08-25T14:22:38.430Z
OPTIONS,/users/id/15,localhost:3000,2024-08-25T14:22:51.508Z
GET,/users/id/15,localhost:3000,2024-08-25T14:22:51.514Z
OPTIONS,/transaction/uid/15,localhost:3000,2024-08-25T14:22:53.188Z
GET,/transaction/uid/15,localhost:3000,2024-08-25T14:22:53.193Z
OPTIONS,/transaction/uid/15,localhost:3000,2024-08-25T14:24:48.446Z
GET,/transaction/uid/15,localhost:3000,2024-08-25T14:24:48.454Z
GET,/transaction/uid/15,localhost:3000,2024-08-25T14:24:51.431Z
OPTIONS,/transaction/uid/15,localhost:3000,2024-08-25T14:25:00.438Z
GET,/transaction/uid/15,localhost:3000,2024-08-25T14:25:00.444Z
GET,/transaction/uid/15,localhost:3000,2024-08-25T14:25:04.768Z
GET,/refresh,localhost:3000,2024-08-25T14:25:04.788Z
GET,/transaction/uid/15,localhost:3000,2024-08-25T14:25:04.812Z
OPTIONS,/transaction/uid/15,localhost:3000,2024-08-25T14:26:06.979Z
GET,/transaction/uid/15,localhost:3000,2024-08-25T14:26:06.986Z
OPTIONS,/transaction/uid/15,localhost:3000,2024-08-25T14:26:39.431Z
GET,/transaction/uid/15,localhost:3000,2024-08-25T14:26:39.437Z
OPTIONS,/transaction/uid/15,localhost:3000,2024-08-25T14:26:57.445Z
GET,/transaction/uid/15,localhost:3000,2024-08-25T14:26:57.451Z
GET,/transaction/uid/15,localhost:3000,2024-08-25T14:26:59.430Z
OPTIONS,/transaction/uid/15,localhost:3000,2024-08-25T14:28:57.614Z
GET,/transaction/uid/15,localhost:3000,2024-08-25T14:28:57.635Z
GET,/refresh,localhost:3000,2024-08-25T14:28:57.652Z
GET,/transaction/uid/15,localhost:3000,2024-08-25T14:28:57.714Z
OPTIONS,/users/id/15,localhost:3000,2024-08-25T14:32:36.753Z
GET,/users/id/15,localhost:3000,2024-08-25T14:32:36.767Z
OPTIONS,/transaction/uid/15,localhost:3000,2024-08-25T14:32:42.211Z
GET,/transaction/uid/15,localhost:3000,2024-08-25T14:32:42.219Z
OPTIONS,/login,localhost:3000,2024-08-25T14:33:52.014Z
POST,/login,localhost:3000,2024-08-25T14:33:52.025Z
OPTIONS,/users/id/15,localhost:3000,2024-08-25T14:33:54.362Z
GET,/users/id/15,localhost:3000,2024-08-25T14:33:54.365Z
OPTIONS,/transaction/uid/15,localhost:3000,2024-08-25T14:33:57.644Z
GET,/transaction/uid/15,localhost:3000,2024-08-25T14:33:57.647Z
OPTIONS,/login,localhost:3000,2024-08-25T14:35:50.691Z
POST,/login,localhost:3000,2024-08-25T14:35:50.700Z
OPTIONS,/users/id/15,localhost:3000,2024-08-25T14:35:52.522Z
GET,/users/id/15,localhost:3000,2024-08-25T14:35:52.527Z
OPTIONS,/transaction/uid/15,localhost:3000,2024-08-25T14:35:54.991Z
GET,/transaction/uid/15,localhost:3000,2024-08-25T14:35:54.994Z
OPTIONS,/users/id/15,localhost:3000,2024-08-25T14:37:30.275Z
GET,/users/id/15,localhost:3000,2024-08-25T14:37:30.285Z
OPTIONS,/transaction/uid/15,localhost:3000,2024-08-25T14:37:34.368Z
GET,/transaction/uid/15,localhost:3000,2024-08-25T14:37:34.372Z
OPTIONS,/users/id/15,localhost:3000,2024-08-25T14:42:01.689Z
GET,/users/id/15,localhost:3000,2024-08-25T14:42:01.706Z
GET,/refresh,localhost:3000,2024-08-25T14:42:01.722Z
GET,/users/id/15,localhost:3000,2024-08-25T14:42:01.776Z
OPTIONS,/transaction/uid/15,localhost:3000,2024-08-25T14:42:04.016Z
GET,/transaction/uid/15,localhost:3000,2024-08-25T14:42:04.019Z
OPTIONS,/transaction/uid/15,localhost:3000,2024-08-25T14:42:09.239Z
GET,/transaction/uid/15,localhost:3000,2024-08-25T14:42:09.245Z
OPTIONS,/users/id/15,localhost:3000,2024-08-25T14:42:22.818Z
GET,/users/id/15,localhost:3000,2024-08-25T14:42:22.825Z
OPTIONS,/transaction/uid/15,localhost:3000,2024-08-25T14:42:24.588Z
GET,/transaction/uid/15,localhost:3000,2024-08-25T14:42:24.591Z
OPTIONS,/login,localhost:3000,2024-08-25T14:56:25.821Z
POST,/login,localhost:3000,2024-08-25T14:56:25.837Z
OPTIONS,/users/id/15,localhost:3000,2024-08-25T14:56:27.989Z
GET,/users/id/15,localhost:3000,2024-08-25T14:56:27.993Z
OPTIONS,/transaction/uid/15,localhost:3000,2024-08-25T14:56:29.364Z
GET,/transaction/uid/15,localhost:3000,2024-08-25T14:56:29.367Z
OPTIONS,/books/title/dra,localhost:3000,2024-08-25T14:56:53.630Z
GET,/books/title/dra,localhost:3000,2024-08-25T14:56:53.636Z
OPTIONS,/transaction/uid/15,localhost:3000,2024-08-25T15:00:43.670Z
GET,/transaction/uid/15,localhost:3000,2024-08-25T15:00:43.679Z
OPTIONS,/books/title/dra,localhost:3000,2024-08-25T15:00:48.366Z
GET,/books/title/dra,localhost:3000,2024-08-25T15:00:48.368Z
OPTIONS,/transaction/uid/15,localhost:3000,2024-08-25T15:03:03.854Z
GET,/transaction/uid/15,localhost:3000,2024-08-25T15:03:03.859Z
GET,/refresh,localhost:3000,2024-08-25T15:03:03.867Z
GET,/transaction/uid/15,localhost:3000,2024-08-25T15:03:03.876Z
OPTIONS,/users/id/15,localhost:3000,2024-08-25T15:04:12.379Z
GET,/users/id/15,localhost:3000,2024-08-25T15:04:12.388Z
OPTIONS,/transaction/uid/15,localhost:3000,2024-08-25T15:04:15.756Z
GET,/transaction/uid/15,localhost:3000,2024-08-25T15:04:15.759Z
OPTIONS,/users/id/15,localhost:3000,2024-08-25T15:05:16.469Z
GET,/users/id/15,localhost:3000,2024-08-25T15:05:16.474Z
OPTIONS,/transaction/uid/15,localhost:3000,2024-08-25T15:05:17.843Z
GET,/transaction/uid/15,localhost:3000,2024-08-25T15:05:17.846Z
OPTIONS,/users/id/15,localhost:3000,2024-08-25T15:05:34.928Z
GET,/users/id/15,localhost:3000,2024-08-25T15:05:34.935Z
OPTIONS,/transaction/uid/15,localhost:3000,2024-08-25T15:05:38.658Z
GET,/transaction/uid/15,localhost:3000,2024-08-25T15:05:38.661Z
OPTIONS,/users/id/15,localhost:3000,2024-08-25T15:05:41.606Z
GET,/users/id/15,localhost:3000,2024-08-25T15:05:41.610Z
OPTIONS,/transaction/uid/15,localhost:3000,2024-08-25T15:05:44.220Z
GET,/transaction/uid/15,localhost:3000,2024-08-25T15:05:44.223Z
OPTIONS,/users/id/15,localhost:3000,2024-08-25T15:05:53.459Z
GET,/users/id/15,localhost:3000,2024-08-25T15:05:53.465Z
OPTIONS,/transaction/uid/15,localhost:3000,2024-08-25T15:05:55.601Z
GET,/transaction/uid/15,localhost:3000,2024-08-25T15:05:55.604Z
GET,/users/id/15,localhost:3000,2024-08-25T15:05:57.062Z
OPTIONS,/transaction/uid/15,localhost:3000,2024-08-25T15:06:00.612Z
GET,/transaction/uid/15,localhost:3000,2024-08-25T15:06:00.615Z
OPTIONS,/transaction/uid/15,localhost:3000,2024-08-25T15:06:30.528Z
GET,/transaction/uid/15,localhost:3000,2024-08-25T15:06:30.533Z
OPTIONS,/books/title/212,localhost:3000,2024-08-25T15:08:00.491Z
GET,/books/title/212,localhost:3000,2024-08-25T15:08:00.496Z
OPTIONS,/books/title/21q,localhost:3000,2024-08-25T15:08:03.479Z
GET,/books/title/21q,localhost:3000,2024-08-25T15:08:03.482Z
GET,/refresh,localhost:3000,2024-08-25T15:08:03.487Z
GET,/books/title/21q,localhost:3000,2024-08-25T15:08:03.495Z
OPTIONS,/books/title/21qw,localhost:3000,2024-08-25T15:08:04.286Z
GET,/books/title/21qw,localhost:3000,2024-08-25T15:08:04.288Z
GET,/books/title/21q,localhost:3000,2024-08-25T15:08:04.867Z
OPTIONS,/books/title/qwe,localhost:3000,2024-08-25T15:08:07.600Z
GET,/books/title/qwe,localhost:3000,2024-08-25T15:08:07.604Z
OPTIONS,/books/title/qwa,localhost:3000,2024-08-25T15:08:08.895Z
GET,/books/title/qwa,localhost:3000,2024-08-25T15:08:08.897Z
OPTIONS,/books/title/qwr,localhost:3000,2024-08-25T15:08:09.991Z
GET,/books/title/qwr,localhost:3000,2024-08-25T15:08:09.994Z
OPTIONS,/books/title/dre,localhost:3000,2024-08-25T15:08:13.676Z
GET,/books/title/dre,localhost:3000,2024-08-25T15:08:13.679Z
OPTIONS,/books/title/dra,localhost:3000,2024-08-25T15:08:14.587Z
GET,/books/title/dra,localhost:3000,2024-08-25T15:08:14.592Z
OPTIONS,/users/id/15,localhost:3000,2024-08-25T15:10:28.468Z
GET,/users/id/15,localhost:3000,2024-08-25T15:10:28.474Z
OPTIONS,/books/title/qae,localhost:3000,2024-08-25T15:10:32.781Z
GET,/books/title/qae,localhost:3000,2024-08-25T15:10:32.783Z
OPTIONS,/books/title/dra,localhost:3000,2024-08-25T15:10:36.098Z
GET,/books/title/dra,localhost:3000,2024-08-25T15:10:36.101Z
OPTIONS,/books/title/drag,localhost:3000,2024-08-25T15:10:39.256Z
GET,/books/title/drag,localhost:3000,2024-08-25T15:10:39.259Z
GET,/books/title/dra,localhost:3000,2024-08-25T15:10:40.348Z
OPTIONS,/users/id/15,localhost:3000,2024-08-25T15:10:47.280Z
GET,/users/id/15,localhost:3000,2024-08-25T15:10:47.285Z
GET,/refresh,localhost:3000,2024-08-25T15:10:47.292Z
GET,/users/id/15,localhost:3000,2024-08-25T15:10:47.302Z
OPTIONS,/transaction/uid/15,localhost:3000,2024-08-25T15:10:48.888Z
GET,/transaction/uid/15,localhost:3000,2024-08-25T15:10:48.892Z
OPTIONS,/books/title/aew,localhost:3000,2024-08-25T15:11:22.325Z
GET,/books/title/aew,localhost:3000,2024-08-25T15:11:22.329Z
OPTIONS,/users/id/15,localhost:3000,2024-08-25T15:16:34.430Z
GET,/users/id/15,localhost:3000,2024-08-25T15:16:34.436Z
GET,/refresh,localhost:3000,2024-08-25T15:16:34.444Z
GET,/users/id/15,localhost:3000,2024-08-25T15:16:34.456Z
OPTIONS,/users/id/15,localhost:3000,2024-08-25T15:16:40.965Z
GET,/users/id/15,localhost:3000,2024-08-25T15:16:40.969Z
OPTIONS,/transaction/uid/15,localhost:3000,2024-08-25T15:16:43.488Z
GET,/transaction/uid/15,localhost:3000,2024-08-25T15:16:43.491Z
GET,/users/id/15,localhost:3000,2024-08-25T15:16:45.776Z
OPTIONS,/logout,localhost:3000,2024-08-25T15:16:51.668Z
GET,/logout,localhost:3000,2024-08-25T15:16:51.674Z
OPTIONS,/login,localhost:3000,2024-08-27T06:54:19.018Z
POST,/login,localhost:3000,2024-08-27T06:54:19.034Z
OPTIONS,/login,localhost:3000,2024-08-27T06:54:28.009Z
POST,/login,localhost:3000,2024-08-27T06:54:28.014Z
OPTIONS,/login,localhost:3000,2024-08-27T06:54:41.873Z
POST,/login,localhost:3000,2024-08-27T06:54:41.878Z
OPTIONS,/users,localhost:3000,2024-08-27T06:56:02.740Z
POST,/users,localhost:3000,2024-08-27T06:56:02.745Z
OPTIONS,/login,localhost:3000,2024-08-27T06:57:42.652Z
POST,/login,localhost:3000,2024-08-27T06:57:42.657Z
OPTIONS,/users/id/19,localhost:3000,2024-08-27T06:57:42.791Z
GET,/users/id/19,localhost:3000,2024-08-27T06:57:42.798Z
OPTIONS,/users/id/19,localhost:3000,2024-08-27T06:57:49.677Z
GET,/users/id/19,localhost:3000,2024-08-27T06:57:49.691Z
OPTIONS,/users/id/19,localhost:3000,2024-08-27T06:58:32.369Z
GET,/users/id/19,localhost:3000,2024-08-27T06:58:32.379Z
OPTIONS,/books/title/awa,localhost:3000,2024-08-27T06:58:38.689Z
GET,/books/title/awa,localhost:3000,2024-08-27T06:58:38.693Z
OPTIONS,/books/title/dan,localhost:3000,2024-08-27T06:58:43.945Z
GET,/books/title/dan,localhost:3000,2024-08-27T06:58:43.949Z
OPTIONS,/books/title/danq,localhost:3000,2024-08-27T06:58:50.844Z
GET,/books/title/danq,localhost:3000,2024-08-27T06:58:50.850Z
OPTIONS,/books/title/danqe,localhost:3000,2024-08-27T06:58:52.166Z
GET,/books/title/danqe,localhost:3000,2024-08-27T06:58:52.170Z
GET,/books/title/danq,localhost:3000,2024-08-27T06:58:52.455Z
OPTIONS,/books/title/dan,localhost:3000,2024-08-27T06:58:52.659Z
GET,/books/title/dan,localhost:3000,2024-08-27T06:58:52.662Z
OPTIONS,/books/title/awa,localhost:3000,2024-08-27T06:58:55.940Z
GET,/books/title/awa,localhost:3000,2024-08-27T06:58:55.944Z
OPTIONS,/transaction/uid/19,localhost:3000,2024-08-27T06:58:57.932Z
GET,/transaction/uid/19,localhost:3000,2024-08-27T06:58:57.935Z
OPTIONS,/logout,localhost:3000,2024-08-27T06:59:11.695Z
GET,/logout,localhost:3000,2024-08-27T06:59:11.700Z
GET,/,localhost:3000,2024-08-27T06:59:26.502Z
